,O1,O2,O3,O4,O5,O6,O7,O8,O9,O10,O11,O12,O13,O14,O15,O16
0,1,1,0,1,0,0,0,0,0,1,0,1,1,0,1,1
1,1,1,1,1,1,1,0,0,1,1,1,1,1,1,0,1
2,1,0,0,0,1,1,1,1,0,1,0,0,1,1,1,1
3,1,0,1,0,1,1,1,1,1,0,0,1,0,0,1,0
4,0,1,0,1,0,1,0,0,1,0,0,1,1,1,0,0
5,0,0,1,1,1,1,1,1,1,1,1,0,0,1,1,0
6,0,1,1,1,1,1,1,1,0,1,1,0,1,1,0,1
7,1,1,0,1,1,1,0,0,1,0,1,0,0,1,0,0
8,0,0,1,0,1,0,1,0,1,0,1,1,0,1,0,1
9,1,0,0,1,1,1,0,1,1,0,1,0,1,0,0,0
10,1,0,0,1,0,1,1,1,1,1,0,0,0,1,0,0
11,1,0,1,1,1,1,0,1,1,0,0,0,0,1,1,0
12,1,1,0,1,1,1,1,1,0,0,0,1,0,1,1,1
13,1,1,0,1,1,0,1,1,1,1,1,0,1,1,1,0
14,0,0,1,0,1,0,0,1,1,1,0,0,1,1,0,0
15,1,1,1,0,1,0,1,1,1,1,1,0,0,1,1,1
16,1,0,1,1,1,1,0,1,0,1,1,1,1,1,0,1
17,1,1,1,1,1,1,1,0,1,0,1,1,0,1,0,1
18,0,1,0,0,1,0,1,1,0,1,0,0,0,1,1,0
19,1,1,0,0,0,0,0,0,0,0,0,0,1,0,0,0
20,1,0,1,1,1,0,0,0,1,0,0,1,1,0,1,1
21,1,1,1,1,1,1,0,0,1,1,1,1,1,0,0,0
22,1,0,0,0,0,0,1,0,1,1,1,0,0,1,0,1
23,1,1,1,1,0,0,1,1,1,1,1,1,0,1,1,1
24,1,1,0,0,1,1,0,0,0,0,1,0,1,1,0,1
25,0,0,0,1,1,0,1,1,1,0,1,0,0,0,1,1
26,1,0,1,1,0,1,1,1,1,1,0,1,0,1,0,1
27,1,1,1,0,0,1,1,0,1,1,0,0,1,1,0,1
28,1,0,1,0,1,1,1,1,1,1,1,1,0,1,0,0
29,0,0,1,0,1,1,0,0,1,1,0,1,0,0,1,0
30,1,1,1,0,1,0,0,0,0,1,0,0,1,0,1,1
31,0,0,0,1,1,1,0,1,0,1,0,0,1,0,1,0
32,0,0,1,1,1,0,0,0,0,1,1,1,1,0,0,0
33,1,0,1,1,1,1,1,0,0,1,0,0,1,1,1,0
34,0,0,1,0,1,0,0,0,1,0,0,0,0,1,0,0
35,1,1,1,1,1,0,1,0,0,1,0,1,0,1,1,0
36,1,1,0,1,1,0,1,1,0,1,1,0,0,1,0,1
37,0,0,1,1,0,1,1,0,1,0,1,0,1,0,1,1
38,1,0,1,1,1,1,1,1,1,1,1,1,0,0,0,1
39,1,1,1,1,1,1,1,0,1,1,1,0,1,0,1,1
40,1,0,0,0,1,0,1,0,1,0,1,1,1,0,0,0
41,0,1,0,0,1,1,0,1,1,0,1,1,1,1,1,1
42,0,1,1,0,0,1,0,0,1,0,1,0,1,1,0,0
43,1,1,1,0,0,1,1,0,1,0,1,0,0,0,1,1
44,1,1,1,1,1,1,1,0,1,0,0,1,1,1,1,0
45,1,0,0,0,1,0,0,1,1,0,0,0,0,0,0,1
46,0,0,1,0,1,1,1,0,0,0,0,1,0,1,0,1
47,1,1,1,1,1,0,1,0,1,1,0,1,1,1,1,1
48,1,1,1,0,1,1,1,0,0,0,1,1,1,0,1,1
49,1,1,0,0,1,1,1,0,0,1,1,1,0,1,0,1
50,1,1,1,0,1,1,1,0,1,0,0,1,1,0,1,0
51,1,0,0,1,0,0,1,1,1,1,1,1,0,1,1,1
52,1,0,1,1,1,0,0,0,0,1,1,1,0,0,0,1
53,0,1,1,1,1,0,0,1,0,0,1,0,0,0,1,1
54,1,1,0,1,1,1,0,0,1,1,1,1,1,1,0,1
55,0,0,0,1,0,0,0,0,1,1,0,1,1,0,1,0
56,1,1,1,0,1,1,1,1,1,1,1,1,1,1,1,1
57,1,1,1,0,1,0,1,0,0,0,1,1,0,1,0,0
58,0,0,1,0,0,0,1,1,1,1,0,1,0,1,0,0
59,1,0,1,1,1,1,1,1,1,0,1,1,0,1,1,1
60,1,1,0,0,0,0,1,0,0,0,1,1,0,1,1,1
61,1,0,1,0,0,1,1,0,0,1,0,1,0,1,1,1
62,1,0,1,1,0,1,0,1,0,0,1,0,0,0,1,0
63,1,1,0,0,1,0,0,0,1,0,1,1,1,1,0,1
64,0,0,0,1,1,1,1,1,1,1,0,1,1,0,0,1
65,0,1,0,1,1,1,1,1,1,0,0,0,1,1,0,1
66,1,1,0,1,0,1,0,1,0,1,0,0,1,1,1,1
67,1,1,1,1,1,1,1,1,1,1,1,1,1,0,0,0
68,1,1,1,0,1,0,1,1,1,0,0,1,0,1,0,1
69,1,0,0,0,0,1,1,1,0,1,1,1,0,1,0,0
70,1,1,1,1,1,0,1,1,1,1,0,1,0,1,1,0
71,1,0,0,0,1,0,1,0,0,1,1,0,0,1,1,1
72,1,0,1,1,1,1,0,1,1,0,0,0,0,1,1,0
73,1,1,1,1,1,1,1,1,1,0,1,0,1,1,1,1
74,0,0,1,0,0,1,1,1,0,1,0,0,0,1,0,0
75,0,1,1,1,1,1,1,1,1,1,1,1,0,0,1,0
76,1,1,1,1,1,0,1,1,1,1,1,1,1,1,1,0
77,1,1,0,1,0,1,1,0,0,1,0,1,1,0,0,0
78,1,1,0,1,0,0,1,1,1,0,1,0,0,0,1,0
79,1,0,0,1,1,0,0,1,1,1,1,1,1,0,0,1
80,1,1,0,1,0,0,0,1,0,1,0,1,0,0,0,0
81,0,0,1,0,1,1,1,0,1,1,0,1,1,1,1,1
82,0,0,1,0,0,0,0,1,1,0,1,0,0,1,0,0
83,0,1,1,0,0,1,0,0,0,0,1,1,1,1,1,0
84,0,1,1,1,1,0,0,0,0,1,1,0,0,1,1,0
85,1,1,0,1,0,1,0,1,1,0,0,0,1,1,0,1
86,1,1,1,1,0,0,1,1,1,0,1,0,1,1,1,0
87,1,1,0,1,1,1,0,1,1,1,1,0,0,0,1,1
88,0,0,0,1,1,0,1,1,0,1,0,1,1,1,0,1
89,0,1,1,0,1,1,1,1,1,1,1,1,1,1,0,0
90,0,1,1,0,0,1,0,1,0,0,0,0,0,0,0,0
91,0,1,1,0,0,1,1,0,1,1,1,1,1,1,0,1
92,1,1,1,1,0,1,1,1,1,0,1,0,1,0,1,0
93,0,1,1,0,0,1,1,1,1,0,1,1,0,1,1,1
94,1,0,0,1,0,1,1,0,1,1,1,1,1,1,1,0
95,1,0,0,1,1,1,1,0,0,1,1,0,0,1,0,0
96,0,1,1,1,1,1,1,1,1,1,0,1,0,1,1,1
97,0,1,1,1,0,1,1,0,0,1,1,1,1,0,1,0
98,1,1,0,0,0,0,0,1,0,1,1,0,1,0,0,0
99,1,0,1,1,1,0,1,0,1,1,1,0,0,1,1,0
100,1,1,0,1,1,1,1,1,1,1,1,0,1,0,0,1
101,0,1,0,0,0,0,0,0,1,1,0,1,1,1,0,0
102,0,1,1,0,0,1,1,0,1,1,1,0,0,1,0,0
103,0,1,1,0,0,0,0,1,1,0,0,1,0,0,1,1
104,0,1,1,1,0,0,1,0,0,0,1,0,1,0,0,0
105,1,0,0,0,1,0,1,0,1,0,1,1,1,0,1,1
106,1,0,0,1,1,0,1,1,1,0,1,1,0,0,1,1
107,1,0,1,1,0,1,1,0,1,0,1,0,1,0,1,1
108,1,1,1,1,0,1,1,1,1,1,1,1,1,1,0,1
109,0,1,1,1,1,0,0,1,0,0,1,0,1,1,1,1
110,1,1,0,1,1,0,1,1,0,1,1,0,1,1,0,1
111,1,1,1,1,1,1,1,1,1,1,1,0,0,1,1,0
112,1,1,1,1,1,1,0,0,0,1,1,1,0,0,0,1
113,0,1,1,0,1,1,1,1,0,1,1,0,1,1,1,0
114,0,1,1,0,1,0,0,0,0,0,1,0,1,0,0,0
115,0,0,1,1,0,1,1,0,1,0,1,1,0,0,1,1
116,0,1,0,1,1,1,1,0,1,1,0,0,1,1,0,1
117,1,0,1,0,1,0,1,1,1,1,0,0,1,0,0,0
118,0,1,0,0,1,0,0,0,1,0,1,0,0,0,0,1
119,1,1,0,1,1,0,1,0,1,0,1,1,1,0,1,1
120,1,1,0,1,1,1,0,0,0,0,0,1,0,1,1,1
121,0,0,1,1,1,0,0,1,1,1,1,1,0,1,0,1
122,1,0,1,1,0,0,0,0,1,0,1,0,0,1,1,1
123,0,0,0,1,0,0,1,1,0,1,1,1,1,0,1,0
124,1,0,0,0,1,1,0,0,0,0,0,0,0,1,0,0
125,0,0,0,1,1,0,1,1,1,1,0,0,1,1,0,1
126,0,0,1,0,1,0,1,1,1,1,0,0,1,1,0,1
127,1,1,1,0,1,1,0,1,0,0,1,1,1,0,1,1
128,1,1,1,1,0,1,0,1,1,0,0,1,1,1,1,1
129,1,0,0,0,1,0,0,1,1,1,1,0,0,0,1,0
130,1,1,1,0,1,1,1,1,0,0,0,0,1,0,0,1
131,0,0,0,0,0,1,1,1,0,0,1,1,0,1,0,0
132,0,1,0,0,1,1,1,1,1,0,0,1,1,1,0,1
133,1,0,1,0,0,1,0,1,1,0,0,1,1,1,0,0
134,1,0,0,0,1,1,0,1,0,1,1,0,1,1,1,1
135,0,0,1,0,0,1,1,0,0,1,0,1,1,0,0,0
136,1,1,1,0,0,1,1,1,0,1,0,0,0,0,1,0
137,1,0,1,0,0,0,0,1,1,0,0,0,1,0,1,1
138,1,1,1,0,0,1,1,1,1,1,0,1,0,1,0,1
139,0,1,1,1,1,1,1,1,1,0,1,1,1,0,0,0
140,1,1,0,0,1,1,1,1,1,1,0,1,1,1,1,1
141,0,1,1,1,1,1,1,1,0,1,1,1,1,1,1,1
142,1,1,1,1,1,0,1,0,0,0,1,0,1,1,1,1
143,0,0,0,1,0,0,0,0,1,1,1,1,1,1,1,1
144,0,1,0,1,1,1,1,1,1,1,1,1,1,0,0,1
145,1,1,0,1,0,1,1,1,1,1,1,1,0,0,1,1
146,1,0,1,0,0,0,0,1,0,1,0,1,0,0,0,1
147,1,1,1,1,0,0,1,0,1,1,1,1,1,0,1,1
148,1,1,0,0,0,1,1,1,1,0,0,1,0,0,0,0
149,1,1,1,1,1,1,1,0,1,1,1,0,1,0,1,1
150,1,1,1,0,0,0,0,1,0,0,1,0,1,1,0,1
151,0,1,0,0,0,1,1,1,0,1,0,1,0,1,1,0
152,0,1,1,1,1,1,0,0,1,1,1,1,1,1,1,1
153,1,1,0,1,1,1,1,1,1,0,0,1,0,1,0,1
154,0,1,1,0,1,1,0,0,1,0,1,1,0,1,0,0
155,1,1,1,1,1,1,1,1,1,1,0,1,1,1,1,0
156,0,1,1,0,0,0,0,0,1,0,1,0,1,1,0,1
157,0,0,1,1,0,1,0,1,1,1,1,0,1,0,1,0
158,1,1,1,1,0,1,0,1,0,1,0,1,1,1,0,1
159,0,0,0,0,1,0,1,1,0,1,1,0,1,1,1,1
160,0,0,0,0,1,1,1,1,0,1,0,1,1,1,1,0
161,1,1,1,0,0,1,0,0,1,1,1,1,0,1,1,0
162,0,0,0,0,0,1,0,1,0,1,0,1,0,1,1,1
163,1,0,0,0,0,0,1,0,1,0,1,1,0,0,1,1
164,1,1,0,1,1,1,1,0,1,0,1,1,0,1,0,0
165,1,0,0,1,1,0,1,0,0,1,1,0,1,1,0,1
166,1,1,1,0,1,0,1,0,1,1,0,1,1,1,0,0
167,0,0,1,1,1,1,0,1,0,1,1,0,0,1,1,0
168,0,0,1,0,1,0,0,0,1,1,0,1,0,1,1,0
169,1,1,1,1,1,0,1,1,1,0,0,1,0,1,0,1
170,1,0,0,1,0,0,0,0,0,0,1,1,0,0,0,0
171,1,1,0,0,1,1,0,1,1,1,1,1,1,1,1,0
172,0,0,1,1,1,0,1,0,0,0,0,1,1,0,1,1
173,1,0,0,0,0,1,0,1,1,1,1,0,1,1,0,1
174,1,0,0,0,0,0,0,0,1,1,0,1,1,0,0,1
175,1,0,1,1,0,1,0,1,0,1,1,0,1,1,1,1
176,1,1,1,1,1,0,1,1,1,1,0,1,1,0,1,1
177,1,1,1,1,1,1,1,0,0,1,0,1,1,1,1,1
178,0,0,1,0,1,0,0,0,1,0,1,1,1,1,1,0
179,0,0,1,0,1,1,0,1,1,0,1,1,0,1,0,0
180,1,0,1,0,1,1,1,0,0,0,0,1,0,0,0,1
181,1,0,0,0,0,1,0,1,1,1,1,1,0,1,0,1
182,0,1,1,1,1,1,0,0,0,1,0,0,0,1,1,1
183,0,1,0,0,1,1,1,1,1,1,0,0,0,0,1,0
184,1,1,1,1,1,1,0,0,0,1,1,0,1,1,1,1
185,0,1,1,1,0,0,0,1,1,1,1,0,1,1,0,1
186,0,0,1,0,1,0,1,0,1,1,1,1,1,1,0,1
187,1,1,1,0,0,1,0,1,1,0,1,0,1,1,1,0
188,1,0,1,1,1,1,1,1,1,1,1,1,1,1,1,0
189,0,0,0,1,0,1,1,0,0,1,1,1,0,1,1,0
190,1,0,1,0,1,1,0,1,1,0,0,1,1,1,1,1
191,1,1,1,0,0,0,1,1,1,0,0,0,1,1,1,1
192,1,1,0,0,1,1,1,1,0,1,0,1,0,1,1,1
193,1,0,1,1,1,1,0,1,1,1,1,1,1,1,0,1
194,0,1,1,1,1,1,1,1,0,1,0,1,1,0,0,0
195,0,0,1,1,1,1,1,1,1,1,1,1,0,1,1,0
196,1,0,0,1,1,1,1,1,0,0,0,1,0,1,1,1
197,0,0,1,1,1,0,0,0,1,0,1,0,0,0,1,1
198,0,1,1,1,1,0,1,1,0,0,0,0,0,0,1,0
199,0,1,1,0,1,1,1,0,1,1,1,1,1,0,1,0
200,1,0,1,1,0,1,0,0,1,0,1,0,1,1,0,1
201,0,0,0,1,0,0,0,1,1,0,1,1,0,0,0,1
202,1,0,0,1,1,0,1,1,0,0,0,1,1,1,1,1
203,0,0,0,1,1,0,0,1,1,0,1,1,1,0,0,1
204,1,0,1,1,0,1,1,0,1,1,1,1,0,0,1,1
205,0,1,1,1,1,0,1,0,1,1,0,1,1,0,1,0
206,0,1,0,0,1,1,0,0,1,1,0,1,0,1,0,0
207,1,1,1,0,1,1,0,0,0,0,1,1,1,1,1,0
208,1,1,0,1,0,0,1,0,1,0,0,1,1,0,0,0
209,1,1,0,1,1,0,1,0,1,0,1,1,1,0,0,0
210,1,0,1,0,0,0,1,0,1,0,1,1,0,0,1,1
211,1,1,0,0,1,1,0,1,0,1,1,1,0,0,1,1
212,0,1,0,1,1,1,1,0,1,1,1,0,0,0,0,1
213,0,0,1,1,1,1,1,0,1,1,0,1,0,1,0,1
214,0,1,1,1,1,1,0,1,1,0,1,0,1,0,1,1
215,1,0,1,0,1,1,1,1,1,1,1,0,1,1,1,1
216,1,1,1,1,0,0,1,0,0,1,1,0,1,1,1,0
217,1,0,0,0,0,0,1,1,0,1,1,0,1,1,1,0
218,1,0,1,1,0,0,1,0,0,0,0,0,1,0,1,1
219,1,1,1,0,1,1,1,0,1,1,1,1,0,1,1,1
220,0,0,1,1,1,0,1,0,1,1,0,0,1,1,0,0
221,1,0,0,0,0,1,0,1,0,0,1,1,0,0,1,1
222,1,0,0,0,1,0,1,0,1,0,1,1,0,0,1,1
223,0,0,0,0,1,0,1,1,1,1,1,1,1,0,0,1
224,1,1,0,0,0,1,1,1,1,0,1,0,0,1,1,0
225,1,0,0,0,0,1,1,1,0,1,0,0,0,1,0,0
226,1,0,0,1,1,1,1,1,1,1,1,0,1,0,1,1
227,1,0,1,1,1,1,0,1,1,1,0,0,1,1,1,0
228,1,0,0,1,1,1,0,1,0,1,0,1,1,1,0,0
229,1,1,1,0,1,1,1,0,0,1,0,1,1,1,1,0
230,0,1,1,0,1,1,1,1,1,1,0,1,1,1,1,1
231,0,1,1,0,1,1,1,1,1,0,0,0,1,1,0,1
232,0,0,0,1,1,1,1,1,0,0,0,1,1,1,1,0
233,1,1,0,0,0,1,1,1,1,1,1,1,0,1,1,0
234,1,0,0,0,0,0,1,0,0,0,0,0,1,1,1,0
235,1,0,1,0,0,1,0,0,0,0,0,0,0,0,1,0
236,0,0,0,1,0,1,1,1,0,0,0,0,1,0,1,0
237,1,1,1,0,1,1,0,1,1,1,0,1,1,0,1,1
238,0,1,1,1,1,1,1,1,1,0,1,0,1,0,1,1
239,1,0,0,1,1,1,1,0,1,0,0,1,0,1,1,0
240,0,1,1,1,0,1,1,1,1,1,0,1,1,1,0,1
241,0,1,0,0,1,1,0,1,0,0,0,0,1,1,0,1
242,1,1,0,0,0,0,1,1,1,1,1,0,1,1,0,1
243,1,1,1,1,1,0,0,1,1,1,1,1,1,1,1,0
244,0,0,0,1,0,0,0,0,1,1,1,1,1,0,1,0
245,0,1,1,0,1,1,1,1,0,0,1,1,1,1,1,1
246,0,1,0,0,0,0,0,0,1,0,1,1,0,1,0,0
247,0,0,1,0,0,1,0,0,1,0,1,1,1,1,0,1
248,1,0,0,0,0,1,0,1,1,1,1,1,1,1,1,1
249,0,1,0,1,0,0,0,0,1,1,1,0,1,0,0,1
250,1,1,0,1,1,1,0,0,0,0,0,1,1,0,1,1
251,1,1,1,0,1,0,1,0,1,1,1,1,1,1,1,0
252,0,1,1,1,0,1,1,1,0,0,1,0,1,0,1,1
253,0,0,1,0,1,0,1,1,0,0,0,1,1,0,0,1
254,0,1,1,1,1,0,0,0,1,1,0,1,0,0,0,1
255,1,1,0,0,0,0,1,0,0,0,1,0,1,1,0,0
256,1,1,1,0,0,0,1,0,1,1,1,1,0,0,1,0
257,1,1,0,0,1,1,1,0,0,1,1,1,1,0,1,1
258,1,1,0,1,1,1,1,0,1,0,0,1,1,1,0,1
259,1,0,0,1,1,0,0,0,1,0,1,1,1,0,1,1
260,1,0,0,0,0,1,1,0,0,1,1,1,1,1,1,0
261,1,1,1,1,1,0,1,1,0,0,1,1,1,0,1,0
262,1,1,1,1,1,1,1,1,1,1,1,1,1,1,1,1
263,1,0,0,0,1,1,0,1,1,1,1,1,0,1,0,0
264,0,1,1,0,1,0,0,0,0,1,0,1,1,0,0,0
265,1,0,0,0,1,1,0,1,0,1,1,1,0,0,0,1
266,0,1,1,1,1,1,0,1,1,1,1,1,1,0,1,1
267,0,1,1,1,0,1,1,0,0,0,0,1,1,0,0,0
268,1,0,1,1,1,0,1,0,0,1,0,1,0,1,0,0
269,1,1,0,1,1,0,0,0,0,0,0,0,1,1,0,0
270,1,1,1,1,1,0,0,1,1,0,1,0,1,0,1,0
271,0,0,1,0,1,0,0,0,1,1,0,1,1,1,1,1
272,1,1,0,0,1,0,1,1,1,0,1,1,1,1,1,0
273,1,0,0,1,1,1,0,1,1,1,0,0,1,0,1,1
274,1,1,1,0,0,0,1,0,1,1,0,0,0,1,0,0
275,1,0,0,1,1,1,0,1,1,1,1,1,1,1,1,1
276,1,1,1,1,1,1,1,1,1,1,0,0,1,0,1,1
277,1,0,1,1,1,1,1,0,1,0,0,1,1,1,1,1
278,0,0,1,0,1,0,0,0,0,1,1,1,1,1,1,1
279,1,1,0,0,1,1,1,0,0,0,1,0,1,0,0,0
280,1,0,1,0,1,0,1,1,0,0,1,0,1,1,0,0
281,1,1,1,0,0,1,0,1,1,0,0,0,1,0,0,0
282,0,1,0,1,0,1,0,1,0,0,0,0,1,0,1,1
283,0,0,1,0,0,0,0,1,0,0,0,0,0,0,1,1
284,1,1,1,0,0,1,0,0,1,0,1,0,1,1,1,0
285,1,1,1,0,0,0,1,1,0,0,1,1,1,1,0,0
286,0,1,1,1,0,1,1,1,1,1,1,1,0,1,1,0
287,0,1,0,0,1,0,1,0,0,1,1,0,0,0,1,1
288,0,1,1,0,1,0,0,1,0,0,1,0,1,1,0,1
289,1,1,1,0,1,0,1,0,1,1,0,1,0,1,1,1
290,0,0,1,1,1,0,1,0,1,0,1,1,0,0,0,0
291,0,1,0,1,1,1,0,1,0,1,1,0,0,1,0,0
292,1,1,0,1,1,1,0,0,1,1,0,0,0,1,1,0
293,1,1,1,1,1,1,1,1,1,0,0,0,1,0,0,1
294,1,0,1,1,0,0,1,1,1,1,1,1,0,1,0,0
295,0,0,1,1,0,0,0,0,1,1,1,1,1,1,1,1
296,0,0,1,0,0,0,1,1,0,1,1,0,1,1,1,0
297,1,1,0,1,1,1,1,0,0,0,0,1,0,1,1,0
298,0,1,1,0,1,1,1,0,1,0,0,0,0,1,1,1
299,0,1,0,1,1,1,1,0,0,0,1,0,0,1,1,1
300,0,1,0,0,0,0,0,1,0,0,0,1,1,0,1,1
301,1,0,0,0,1,0,0,0,0,1,1,1,1,1,0,1
302,1,1,0,0,0,1,0,1,1,0,0,1,0,1,0,1
303,1,1,0,1,1,0,1,1,1,1,1,1,1,1,1,1
304,0,0,1,0,0,1,0,1,1,1,0,0,1,1,1,1
305,0,1,1,1,1,1,1,1,1,1,0,0,1,1,0,0
306,1,1,0,0,1,1,0,0,0,0,0,1,1,1,0,1
307,1,1,0,1,0,1,0,0,1,1,1,1,0,1,1,1
308,0,0,1,1,1,0,0,0,1,0,1,0,0,1,1,1
309,1,1,1,1,1,1,0,1,1,1,0,1,0,0,1,1
310,0,1,0,1,1,0,1,1,1,0,1,1,0,1,0,0
311,1,1,1,1,0,0,1,0,0,0,0,1,0,0,0,0
312,1,0,0,0,1,1,1,0,0,1,0,1,1,1,1,1
313,1,0,1,1,0,1,1,1,0,1,0,0,1,1,0,0
314,1,1,1,1,0,0,1,1,0,1,0,1,0,1,1,1
315,1,0,0,1,1,1,0,0,0,1,1,1,1,1,1,1
316,0,0,1,0,1,1,1,0,0,0,1,0,0,1,1,0
317,0,0,1,0,0,1,1,0,0,0,0,1,0,1,0,1
318,1,1,0,0,1,1,1,1,1,1,0,0,1,0,1,1
319,0,0,0,1,0,1,1,1,1,1,0,0,0,1,0,1
320,1,1,0,1,0,0,1,1,1,1,1,0,1,0,0,1
321,0,1,0,1,0,1,0,0,0,0,1,0,1,0,0,1
322,1,0,0,1,0,1,1,1,1,1,1,1,0,1,0,1
323,1,1,1,1,1,0,1,1,0,1,0,1,0,0,0,1
324,1,1,1,0,0,0,0,0,0,0,0,1,1,1,1,1
325,1,1,1,1,1,0,1,0,0,1,1,1,0,0,1,1
326,1,1,1,1,1,0,1,0,1,0,1,1,0,0,0,1
327,1,0,1,1,0,0,1,1,1,1,1,1,1,1,1,1
328,1,1,0,1,1,1,0,1,1,1,0,0,0,0,1,0
329,0,1,0,1,0,0,1,1,1,0,0,0,1,0,1,0
330,0,1,0,0,0,1,1,0,0,1,1,0,1,1,1,0
331,1,0,0,0,0,0,0,1,1,0,1,0,0,0,1,1
332,1,0,1,0,0,1,1,1,0,0,0,0,1,1,0,1
333,1,0,1,1,0,1,0,1,0,0,1,0,0,1,0,1
334,1,0,1,0,1,1,1,1,0,1,1,1,0,0,1,1
335,1,1,1,1,1,0,0,0,1,0,0,1,0,1,1,0
336,0,1,1,1,1,1,1,0,1,1,1,1,0,1,1,1
337,1,0,1,0,1,1,1,1,0,0,0,0,1,0,0,0
338,0,1,0,1,1,0,0,1,1,0,1,1,1,1,1,1
339,1,1,1,1,0,0,1,0,1,0,0,1,0,0,1,0
340,0,0,0,0,0,1,1,0,0,0,0,0,0,1,0,1
341,0,1,1,0,0,0,1,1,1,1,1,0,1,1,0,1
342,1,1,1,1,0,1,1,1,1,0,1,1,1,1,1,0
343,0,0,1,0,0,0,1,1,0,1,0,1,1,0,1,0
344,1,1,1,1,0,1,0,1,1,1,0,1,0,0,1,1
345,1,0,1,1,1,1,1,0,1,0,1,1,1,1,1,1
346,0,0,1,0,1,0,1,0,0,0,1,0,1,1,1,0
347,1,0,1,0,1,1,0,1,0,1,1,0,0,1,1,0
348,0,0,0,0,1,1,1,1,1,1,1,0,0,0,1,1
349,0,1,1,0,1,1,1,0,1,1,1,0,1,0,1,1
350,1,0,1,0,1,0,0,0,1,0,0,0,1,0,1,1
351,1,0,1,0,0,1,1,0,0,0,1,0,0,1,1,1
352,1,0,0,0,0,1,1,0,1,1,0,1,1,0,0,0
353,1,0,1,0,1,1,1,1,0,0,1,0,0,1,1,0
354,1,1,1,0,1,1,1,1,0,0,1,1,1,0,0,1
355,1,0,0,0,1,0,0,1,0,1,1,1,0,0,1,0
356,1,1,1,1,0,1,1,0,1,1,1,0,1,0,0,1
357,0,1,1,0,0,1,1,0,1,1,1,1,1,0,0,0
358,0,1,1,1,1,1,1,0,0,1,0,0,1,0,1,0
359,1,1,0,0,1,1,0,1,1,0,1,0,0,1,1,1
360,1,1,1,1,1,0,0,0,1,0,1,0,0,0,1,1
361,1,0,1,0,0,0,0,0,0,1,1,0,0,0,0,1
362,1,1,1,1,1,1,1,1,0,1,1,0,1,0,1,1
363,1,1,0,0,1,0,1,0,0,1,1,0,1,1,0,1
364,0,1,0,1,1,0,1,1,1,0,0,0,1,1,0,1
365,1,1,1,0,0,0,1,1,1,1,1,1,0,1,0,1
366,1,1,1,0,0,0,0,0,1,0,1,0,0,1,0,0
367,0,1,1,1,1,0,0,1,0,1,1,0,0,1,1,1
368,1,0,1,0,0,1,1,0,0,0,0,0,0,0,0,0
369,0,0,0,1,1,1,1,0,1,1,0,1,1,0,0,0
370,0,1,0,1,0,0,1,1,1,0,0,1,1,0,1,0
371,1,0,0,0,0,0,0,1,0,0,1,0,0,0,1,1
372,1,1,0,0,1,0,1,0,1,1,1,1,1,1,1,1
373,1,0,1,0,1,0,1,1,1,0,1,1,1,1,0,1
374,1,1,1,0,0,1,1,0,0,1,0,0,1,1,1,1
375,0,1,1,0,1,1,0,0,1,0,1,0,0,1,1,1
376,0,1,0,1,1,1,1,0,1,0,1,1,1,0,1,0
377,0,1,0,0,0,1,0,1,1,1,1,1,1,0,0,1
378,1,1,0,1,0,0,1,1,1,1,1,1,1,1,1,1
379,1,1,1,1,0,0,0,0,1,0,1,0,0,1,1,0
380,1,1,0,1,1,1,1,1,0,1,0,0,1,1,1,0
381,1,0,0,1,0,1,1,1,1,0,0,0,0,1,1,1
382,0,1,0,1,0,0,1,1,0,1,0,0,1,0,0,1
383,0,1,0,0,0,1,1,0,1,1,1,0,1,0,1,1
384,1,1,1,1,1,1,0,1,1,1,1,1,0,0,0,1
385,1,0,1,1,0,1,1,1,1,1,1,0,0,1,1,0
386,1,0,1,0,1,1,0,0,0,1,1,0,0,0,1,0
387,1,0,0,1,0,1,1,1,1,1,1,0,0,1,1,0
388,1,0,1,0,1,1,1,1,1,0,1,1,0,0,0,1
389,1,1,0,1,0,0,1,0,0,1,0,1,1,1,0,0
390,1,1,1,0,1,1,0,0,1,1,1,0,1,0,1,1
391,0,1,0,0,1,0,1,1,1,0,1,0,1,1,1,1
392,1,1,1,0,0,0,1,0,1,0,0,1,1,0,0,0
393,1,0,1,0,1,0,1,1,1,0,1,0,1,1,1,1
394,1,0,1,1,0,1,0,1,0,0,0,0,0,1,0,1
395,1,1,1,0,1,1,1,0,0,0,0,1,1,0,1,0
396,1,1,0,1,1,1,1,1,1,1,0,1,1,1,1,1
397,1,0,1,0,1,1,0,1,1,1,1,1,1,0,1,0
398,1,1,0,0,1,1,0,1,0,0,0,1,0,1,1,1
399,1,0,0,1,1,0,0,1,0,0,0,1,1,0,1,1
400,1,1,0,0,0,1,0,1,1,0,1,0,0,0,1,1
401,1,0,1,0,1,1,1,1,1,1,1,1,1,0,0,1
402,1,1,0,1,1,0,0,0,1,0,1,0,1,1,1,0
403,1,0,1,1,1,1,1,0,0,0,0,1,1,1,0,0
404,0,1,0,0,1,0,1,1,0,1,0,1,1,1,0,1
405,1,0,1,0,0,1,1,1,1,0,1,0,1,0,0,0
406,1,1,0,1,0,1,1,0,1,1,0,0,0,0,1,1
407,0,1,0,1,1,0,0,1,1,1,1,1,1,1,1,0
408,1,1,0,1,0,1,1,1,0,1,0,0,1,1,1,1
409,1,1,0,1,0,1,1,1,1,1,1,0,1,1,1,0
410,1,0,1,0,1,1,0,0,1,1,1,0,0,0,1,0
411,0,0,1,0,0,1,1,1,1,1,1,1,0,1,1,1
412,1,1,0,1,1,1,0,0,1,1,1,1,0,1,0,1
413,1,1,0,0,0,0,0,0,0,1,1,1,1,1,1,1
414,1,1,1,0,1,1,0,1,0,1,1,0,1,1,1,1
415,1,0,0,1,1,0,1,1,1,1,1,1,1,0,0,1
416,1,1,1,1,1,1,0,1,1,0,1,1,1,1,0,1
417,0,1,0,1,1,1,0,1,1,0,1,0,1,0,1,0
418,1,1,0,1,0,1,0,1,1,1,0,1,1,0,1,1
419,1,1,1,1,1,0,0,0,0,1,1,1,1,1,1,0
420,1,1,0,1,1,0,1,1,0,1,0,0,1,0,1,0
421,1,1,0,1,1,0,1,1,0,1,1,1,1,1,1,1
422,0,0,1,1,0,0,0,0,1,1,0,0,1,1,1,1
423,1,1,0,1,1,1,1,1,1,1,1,1,1,0,0,1
424,1,1,1,0,0,0,0,1,0,1,0,0,1,0,1,1
425,1,1,0,0,1,1,0,1,1,1,1,1,1,1,1,1
426,1,1,1,0,1,1,1,1,1,1,1,1,1,0,1,1
427,1,0,0,0,0,0,0,0,1,1,1,0,0,1,1,0
428,0,1,0,1,0,0,0,0,1,1,1,1,0,0,1,0
429,1,0,1,0,1,0,0,0,0,0,0,1,0,1,1,0
430,0,0,1,0,1,0,1,1,0,0,1,0,1,0,1,1
431,1,0,1,1,0,0,0,0,1,1,0,1,1,0,0,1
432,1,0,0,1,1,1,0,0,1,1,0,1,1,0,1,0
433,1,1,1,1,1,1,1,1,1,1,1,1,0,1,1,1
434,1,1,0,0,1,0,1,0,1,0,0,1,0,0,1,1
435,0,1,1,0,1,1,0,0,1,0,1,0,0,1,0,0
436,0,0,0,0,1,0,1,0,1,1,1,1,0,0,0,1
437,1,0,1,0,1,1,0,1,0,1,1,1,0,1,0,1
438,1,0,0,0,1,1,1,0,1,0,0,1,0,0,1,1
439,1,0,1,1,1,0,0,0,0,0,1,0,0,0,0,0
440,1,0,0,1,0,1,1,1,0,0,1,0,0,1,1,0
441,1,1,1,1,1,1,1,1,1,1,1,1,1,1,1,0
442,0,1,1,1,1,1,1,0,0,1,0,1,0,0,0,1
443,1,1,0,1,0,0,1,0,1,0,1,1,0,0,1,0
444,1,1,1,1,1,1,0,0,1,0,1,1,1,0,1,0
445,0,1,1,1,1,1,0,0,1,1,0,1,0,1,1,0
446,1,0,1,1,1,0,0,0,0,0,1,0,1,0,0,0
447,0,1,1,0,0,1,1,1,1,1,0,1,1,0,1,0
448,0,0,0,1,1,1,1,1,1,1,0,1,0,0,1,1
449,0,1,1,1,1,0,1,0,0,1,0,1,1,1,1,1
450,0,1,1,0,1,1,1,1,0,0,0,1,0,1,0,1
451,1,0,1,1,1,1,1,1,0,1,1,0,1,1,0,1
452,1,1,1,1,0,1,1,0,0,1,1,0,1,1,1,1
453,0,1,1,1,1,1,1,1,0,1,1,1,0,1,1,0
454,0,0,1,1,1,0,0,0,1,1,1,1,1,1,1,1
455,0,0,1,0,1,1,1,1,0,1,0,0,1,1,0,1
456,1,1,1,1,0,1,1,1,0,0,1,1,0,1,1,0
457,1,1,1,1,1,1,1,1,0,0,0,1,0,1,0,1
458,0,1,0,1,1,0,1,1,1,1,1,1,1,0,1,1
459,0,1,1,0,0,0,0,1,0,1,0,1,1,0,1,1
460,1,1,1,0,0,1,0,0,1,0,0,0,1,0,1,1
461,1,1,0,0,1,1,0,0,0,1,1,1,1,0,0,1
462,1,1,1,1,0,1,1,0,1,1,1,1,1,1,1,1
463,0,1,1,1,0,1,0,1,1,0,1,1,1,0,1,0
464,1,0,0,1,1,1,0,1,1,1,1,1,0,0,1,1
465,0,1,0,1,0,0,0,0,1,1,0,1,0,0,1,0
466,0,0,0,0,0,1,1,0,1,0,1,0,1,0,1,1
467,0,1,1,1,1,1,0,1,0,0,0,1,1,1,1,0
468,1,1,1,1,1,0,1,1,1,1,1,1,0,0,1,1
469,1,0,0,0,1,1,1,0,1,1,1,0,1,1,0,0
470,1,1,1,0,1,1,0,0,1,1,0,0,0,1,1,0
471,1,0,0,1,1,0,1,1,1,0,0,0,0,0,1,0
472,1,0,1,1,1,0,1,1,0,1,0,0,1,0,1,0
473,1,1,1,1,1,1,1,1,1,1,1,0,1,1,1,0
474,0,0,1,1,1,1,0,1,1,1,0,0,0,0,1,0
475,1,0,1,1,1,0,0,1,1,0,1,1,0,1,1,0
476,1,0,1,1,1,1,0,1,1,1,0,1,0,1,1,1
477,1,0,1,1,1,0,0,0,1,1,1,1,1,0,1,1
478,1,1,0,0,1,1,0,1,0,1,0,1,1,0,1,1
479,1,0,1,1,1,0,1,0,1,1,1,1,1,1,1,1
480,0,1,0,0,0,0,0,0,0,0,0,1,1,1,1,0
481,1,0,0,1,0,0,1,1,0,0,1,1,1,0,0,1
482,1,1,0,0,0,0,0,1,0,1,0,1,1,0,1,1
483,1,0,0,0,1,1,0,0,0,0,0,0,1,0,0,1
484,0,1,1,0,0,0,1,1,0,1,0,1,1,1,0,1
485,1,0,0,1,0,1,1,0,1,1,1,1,1,0,1,1
486,0,1,1,1,1,0,1,1,0,1,1,1,1,0,1,0
487,1,0,0,1,0,1,1,1,0,1,0,0,0,0,0,0
488,0,1,1,1,1,1,1,1,1,0,1,1,1,1,0,0
489,0,0,0,1,1,1,1,0,1,1,1,1,1,0,1,0
490,1,1,1,1,1,1,1,0,0,0,0,1,0,1,1,0
491,1,0,1,0,1,0,0,1,0,0,1,0,1,1,0,1
492,1,1,1,1,0,0,0,0,1,1,0,1,1,1,1,1
493,1,0,0,0,1,0,0,0,1,1,0,0,1,1,1,0
494,0,1,0,1,1,1,0,1,0,1,0,1,1,1,1,0
495,1,1,1,1,1,1,1,1,0,1,1,1,1,0,0,1
496,0,1,0,0,0,0,0,0,0,1,1,0,0,0,0,0
497,1,0,1,0,1,1,0,1,0,0,1,0,0,1,1,0
498,0,1,1,0,0,0,0,1,0,0,0,1,1,1,0,0
499,0,0,1,1,1,0,1,1,0,0,1,0,0,0,0,1
500,0,0,0,1,1,0,0,0,1,0,0,0,0,1,0,0
501,1,0,0,1,1,0,0,0,1,1,1,0,0,1,0,1
502,1,1,1,1,0,1,1,1,0,0,1,1,0,0,1,1
503,1,1,1,1,0,1,1,1,1,1,0,1,0,1,0,1
504,0,1,1,1,1,0,1,1,1,1,1,1,0,0,1,1
505,1,1,1,1,0,0,1,1,1,1,0,1,0,1,1,1
506,0,0,0,1,1,1,1,0,1,0,1,1,1,1,0,1
507,1,1,1,1,0,1,1,0,1,1,1,1,0,0,1,1
508,1,1,1,0,1,1,1,1,1,1,1,1,1,0,1,0
509,0,0,1,0,1,0,0,1,1,0,0,0,0,1,1,1
510,1,1,1,1,1,1,1,1,0,1,1,0,1,1,1,1
511,1,1,1,1,0,0,1,1,1,0,1,1,1,0,1,0
512,1,0,0,1,1,1,1,1,1,0,1,0,0,1,1,1
513,1,1,1,1,0,1,0,1,1,0,1,1,1,1,0,0
514,0,0,1,1,0,1,1,0,1,0,1,0,0,1,1,1
515,0,1,0,1,1,0,1,0,0,0,0,1,1,1,1,0
516,1,1,1,1,1,0,1,0,1,0,1,0,0,0,1,1
517,0,1,1,1,0,1,0,1,1,0,1,1,0,1,1,1
518,1,1,0,1,1,1,1,0,0,1,1,1,1,1,0,1
519,1,1,1,0,0,1,0,0,1,1,0,1,1,0,1,1
520,0,1,1,1,1,1,1,1,1,1,1,0,1,1,0,1
521,1,0,1,1,1,1,1,0,1,1,1,1,1,1,0,1
522,1,1,1,0,0,1,1,0,1,0,0,1,0,0,0,1
523,1,1,0,1,1,1,1,1,0,0,1,1,1,1,0,0
524,1,0,1,1,1,1,0,0,1,1,1,0,1,0,0,1
525,0,0,0,1,0,1,0,1,1,1,1,1,1,0,0,1
526,0,1,1,1,0,1,0,0,1,1,1,1,0,1,1,0
527,0,0,0,1,1,1,0,0,1,1,1,1,1,1,1,0
528,1,1,1,1,1,0,1,1,1,1,0,1,1,1,0,0
529,0,1,1,1,0,1,0,1,1,0,0,1,0,1,1,1
530,1,1,1,1,1,0,0,0,1,1,1,0,1,0,1,0
531,0,0,1,1,1,1,0,0,0,0,1,1,1,1,1,0
532,1,1,1,1,0,1,1,1,1,0,1,1,0,0,1,1
533,1,1,1,0,1,1,1,0,1,1,1,1,1,1,1,0
534,0,1,0,0,1,0,0,0,1,1,1,1,1,0,1,1
535,1,1,1,0,1,0,0,0,0,1,0,1,1,0,0,0
536,1,1,1,1,1,0,1,1,1,1,0,0,1,1,0,1
537,1,1,0,1,0,1,1,0,1,0,1,1,1,1,1,1
538,0,1,0,1,0,0,1,0,0,1,0,0,0,1,0,1
539,0,0,0,1,0,0,0,0,0,1,0,1,1,1,0,1
540,0,0,0,1,0,0,1,1,0,1,1,0,1,1,0,1
541,1,0,0,1,1,1,1,1,0,1,0,1,0,1,1,1
542,0,0,0,0,1,1,0,0,0,1,0,0,1,0,1,0
543,0,1,0,1,0,1,0,1,1,1,0,1,1,1,1,1
544,0,0,0,1,0,1,1,0,0,1,1,1,1,1,0,0
545,1,1,1,1,1,1,0,1,1,0,0,1,1,0,1,1
546,0,1,1,1,0,1,1,0,1,1,1,1,1,0,1,1
547,1,0,0,0,0,1,0,1,1,1,0,1,1,1,0,1
548,1,0,0,1,0,1,1,1,1,0,0,1,0,0,1,1
549,0,1,1,0,1,0,0,1,1,0,1,1,0,1,1,0
550,0,1,1,1,0,1,1,1,0,1,1,1,1,1,0,1
551,1,0,1,1,1,0,1,0,1,0,0,1,1,0,1,1
552,1,0,1,1,0,1,0,1,0,1,1,1,0,0,1,1
553,1,0,0,1,1,0,0,0,1,1,1,0,0,1,1,1
554,1,1,1,1,1,1,0,1,1,0,0,1,1,1,1,0
555,1,1,1,1,1,0,0,1,1,0,1,1,0,1,1,0
556,1,1,0,1,1,1,1,0,1,1,1,1,1,1,0,1
557,0,1,1,0,1,1,1,1,1,1,1,1,1,1,1,1
558,1,1,1,1,0,1,0,1,1,1,1,1,1,0,1,1
559,0,0,1,0,0,0,1,1,0,1,0,0,0,0,1,1
560,1,0,0,1,1,1,0,0,1,1,1,1,1,1,1,1
561,1,1,1,1,0,1,1,1,0,1,1,0,0,0,0,1
562,1,0,0,1,1,0,1,0,1,1,1,0,1,0,1,1
563,0,1,0,0,1,1,0,0,1,0,1,1,0,1,0,1
564,1,0,1,1,1,0,1,1,1,1,1,0,0,1,1,1
565,1,1,1,1,1,1,1,1,1,1,0,1,0,0,1,1
566,1,1,1,0,1,1,1,1,0,0,1,0,0,0,0,1
567,0,1,1,1,1,0,1,0,0,1,1,1,1,1,1,1
568,0,0,1,0,1,0,0,1,0,1,0,0,1,1,0,1
569,1,0,1,0,0,0,1,1,0,1,1,1,1,1,0,1
570,0,0,1,0,0,1,1,0,1,0,1,0,0,1,0,1
571,1,1,1,1,1,1,1,1,0,1,1,0,1,1,0,0
572,1,1,1,0,1,1,1,0,1,0,1,1,0,1,1,0
573,1,0,1,0,0,1,1,1,1,0,1,0,0,1,1,1
574,1,0,0,1,0,1,0,0,0,0,0,0,0,1,1,0
575,1,1,1,0,1,1,0,1,1,0,1,1,0,0,0,1
576,0,0,0,0,0,0,0,0,0,0,1,0,0,0,1,0
577,1,0,1,1,1,1,0,0,1,0,1,0,0,1,0,1
578,1,1,0,1,1,1,1,0,0,1,0,1,1,1,1,0
579,1,1,0,1,1,1,0,0,1,0,1,1,1,0,1,0
580,1,0,0,1,1,1,1,1,1,0,0,1,1,0,0,1
581,1,1,0,1,0,1,1,1,1,1,1,0,1,1,0,1
582,0,0,0,1,0,1,0,0,0,0,0,1,0,0,1,0
583,1,1,0,1,1,0,1,1,1,1,1,0,1,1,1,1
584,0,1,1,1,1,1,1,1,1,0,1,1,0,0,0,0
585,1,0,0,0,0,0,1,1,1,1,0,1,0,1,0,1
586,1,0,0,1,0,0,0,0,0,1,0,1,0,0,1,0
587,0,1,1,1,0,1,1,1,1,1,1,1,1,1,0,0
588,0,1,0,1,0,1,0,1,0,0,0,1,1,1,0,1
589,1,1,1,1,0,0,1,0,1,1,0,0,0,1,1,0
590,0,0,1,1,0,0,0,1,1,1,1,1,1,0,1,1
591,0,0,1,1,1,0,1,0,1,1,0,0,1,1,1,0
592,0,1,0,1,1,1,1,1,1,1,0,1,0,1,1,0
593,1,0,1,0,0,1,1,1,0,0,0,0,0,1,1,1
594,0,1,1,1,0,1,0,1,1,0,1,1,0,1,1,1
595,1,1,0,1,0,1,1,0,1,0,1,1,1,0,0,0
596,0,1,1,0,1,1,1,1,1,0,0,0,1,1,1,1
597,1,1,0,1,1,0,0,0,1,1,1,0,0,0,1,0
598,0,0,0,1,0,1,0,1,1,0,0,0,0,0,1,0
599,0,1,1,0,1,1,1,1,1,1,1,1,1,1,1,1
600,1,1,0,1,0,1,0,0,1,0,1,0,1,0,0,1
601,1,1,1,0,1,1,0,0,1,1,0,1,1,1,1,0
602,0,1,1,1,1,1,1,0,1,1,0,1,1,0,1,0
603,1,0,1,0,0,1,0,0,1,1,0,0,1,0,0,0
604,1,1,0,1,1,0,0,1,1,1,0,1,1,1,0,0
605,1,0,0,0,0,0,1,0,0,0,0,1,0,0,1,0
606,1,0,1,1,1,1,1,0,0,1,1,1,0,0,0,0
607,1,0,0,0,1,0,0,1,0,1,0,1,0,1,1,0
608,1,1,1,1,1,1,0,0,0,0,1,1,1,0,1,0
609,1,0,1,1,1,1,1,1,1,1,1,1,1,1,1,0
610,0,1,0,1,1,1,0,1,1,1,1,0,1,1,1,0
611,0,0,1,0,1,0,1,0,0,0,1,0,0,1,0,1
612,1,0,0,0,0,1,0,1,0,0,0,0,0,1,0,1
613,1,1,1,1,0,1,1,1,1,1,0,0,1,1,0,0
614,1,0,1,0,1,1,1,1,1,0,1,0,1,0,1,0
615,1,1,1,1,1,0,0,1,0,1,1,0,1,0,0,1
616,0,1,1,1,1,1,1,1,0,0,1,1,0,1,1,1
617,1,1,1,1,0,1,1,0,0,0,1,0,1,1,0,0
618,1,1,1,0,1,1,1,1,0,1,1,1,0,1,1,1
619,1,0,1,0,1,1,1,0,1,1,1,1,1,0,1,1
620,0,0,0,1,1,0,0,1,0,1,1,0,0,0,1,1
621,0,0,1,1,1,0,1,1,1,0,0,1,0,0,1,1
622,0,0,0,0,1,1,0,0,0,0,0,0,0,1,0,0
623,0,1,0,0,1,1,1,0,0,0,0,1,0,0,1,0
624,1,1,0,1,1,1,1,1,0,1,0,1,1,1,0,0
625,0,1,1,0,1,0,0,0,1,1,0,0,0,0,1,1
626,1,1,1,1,0,1,1,1,1,1,1,0,0,1,1,1
627,0,1,1,1,0,1,0,0,0,1,1,0,1,1,1,1
628,1,1,0,1,0,0,1,0,1,1,1,0,1,1,1,0
629,1,1,1,1,0,0,0,1,1,1,0,1,1,0,1,1
630,1,0,1,1,0,1,1,0,1,1,1,1,0,1,1,1
631,0,0,1,0,0,1,1,1,1,1,1,1,1,1,1,0
632,0,1,1,1,1,1,1,0,0,1,0,0,0,0,0,1
633,0,1,0,1,1,1,0,1,1,0,1,1,0,1,0,1
634,1,0,0,1,1,1,1,0,0,1,1,1,1,0,1,1
635,0,0,1,0,1,0,1,0,1,0,1,1,1,0,1,1
636,1,1,0,0,0,0,1,0,0,1,1,1,0,1,1,0
637,1,1,0,1,1,0,0,1,0,0,0,0,1,1,1,0
638,1,0,0,1,1,1,1,1,0,0,0,1,0,0,1,0
639,1,0,1,0,0,0,0,0,1,1,1,0,1,0,0,0
640,0,0,0,1,1,0,0,1,1,0,1,1,1,1,1,1
641,1,1,1,1,1,0,1,1,1,1,0,0,1,1,1,0
642,1,1,1,1,1,1,1,1,1,0,0,0,1,0,1,0
643,1,0,0,0,1,0,0,1,1,1,0,1,1,1,1,0
644,0,1,1,1,0,1,1,0,0,0,0,0,1,1,1,1
645,1,1,0,1,1,0,0,0,0,1,1,1,0,1,1,1
646,1,0,1,1,0,0,1,1,0,1,1,0,1,1,1,0
647,0,0,0,0,0,1,1,0,1,1,1,0,1,0,0,1
648,1,0,1,1,1,1,1,1,1,1,0,1,0,1,1,1
649,0,0,0,1,0,0,0,0,1,0,1,0,0,0,1,1
650,1,0,0,1,1,1,1,1,1,1,1,1,1,1,0,1
651,1,1,1,0,0,0,0,1,0,1,0,0,1,0,1,0
652,0,0,1,1,0,0,1,1,1,0,1,0,1,0,0,1
653,1,1,0,1,1,1,0,0,1,1,0,1,0,0,1,0
654,0,0,1,1,1,1,0,1,1,0,1,1,1,1,1,1
655,1,0,0,1,1,1,0,0,1,1,0,0,0,1,1,1
656,1,1,1,0,1,1,1,1,1,1,1,1,1,1,1,1
657,0,1,1,0,0,1,1,1,1,1,1,1,1,1,0,1
658,0,1,0,1,1,0,1,1,0,0,0,1,0,1,1,0
659,1,0,0,1,1,1,1,0,1,1,1,1,0,0,0,1
660,0,0,0,0,0,1,1,1,0,1,1,0,1,1,0,0
661,1,1,0,1,0,1,0,0,0,0,1,0,1,0,1,0
662,0,0,1,1,1,0,1,0,1,1,1,1,0,0,0,1
663,0,0,0,0,0,0,1,0,0,1,1,1,1,1,1,1
664,0,1,1,1,1,1,1,1,0,1,1,1,1,1,1,0
665,1,0,1,1,0,0,1,1,1,1,1,0,1,0,0,1
666,1,1,1,1,0,0,1,0,0,0,0,1,1,1,1,0
667,0,0,1,0,1,1,1,0,1,0,0,1,0,0,1,1
668,1,1,0,0,0,1,0,1,1,0,1,1,1,1,1,1
669,0,0,0,0,1,1,0,1,0,0,0,0,1,0,1,0
670,1,0,0,0,1,0,1,1,0,1,1,1,1,0,0,1
671,1,0,1,1,0,0,1,1,1,0,0,1,1,0,1,1
672,0,1,1,1,1,0,1,1,1,0,0,1,0,0,1,0
673,0,0,1,1,1,0,1,1,1,0,0,0,0,1,0,0
674,1,1,0,0,0,1,1,1,1,1,1,1,1,1,0,0
675,0,1,1,0,1,0,0,1,1,0,0,1,0,1,0,1
676,1,1,1,0,1,1,0,0,1,1,0,0,1,1,0,0
677,1,1,1,1,1,1,1,0,0,0,0,1,0,0,0,1
678,0,1,1,1,1,0,1,1,1,1,1,1,1,0,1,1
679,0,0,0,0,0,0,0,1,1,0,1,1,0,0,1,1
680,1,1,1,0,0,1,0,1,0,1,0,1,1,1,1,1
681,1,0,1,1,1,1,1,1,1,1,1,0,1,0,1,1
682,1,0,1,1,0,0,1,0,1,1,0,1,0,0,0,0
683,0,1,1,1,1,1,1,1,1,1,1,1,0,0,1,0
684,1,1,1,0,1,1,1,1,0,0,1,1,0,0,0,1
685,0,1,0,1,0,1,1,1,1,1,0,1,0,1,1,1
686,0,0,1,1,0,0,0,0,1,1,1,1,1,1,1,1
687,1,1,1,0,0,0,0,1,1,1,1,0,1,0,1,0
688,1,0,1,1,1,1,1,1,1,1,1,1,1,1,1,1
689,0,1,1,1,1,0,1,0,1,1,0,0,1,0,1,0
690,1,1,0,0,1,1,1,0,1,0,1,0,0,1,0,0
691,1,0,1,1,0,1,1,0,1,1,1,1,1,1,1,0
692,1,0,1,1,1,0,0,1,1,1,1,1,1,1,0,1
693,1,1,1,1,1,1,0,0,1,1,1,0,0,1,0,1
694,0,0,1,0,0,0,1,1,0,0,1,0,0,1,0,1
695,0,1,1,1,1,1,0,0,0,1,0,1,0,0,0,0
696,0,0,0,1,1,1,1,1,1,0,1,0,0,1,1,0
697,1,1,1,1,0,1,1,0,1,0,1,1,1,1,1,1
698,0,1,1,0,1,1,1,1,1,1,1,1,1,0,1,0
699,0,0,0,1,1,1,0,0,1,1,0,1,1,1,1,0
700,1,1,1,1,1,1,1,1,0,1,0,0,1,0,0,1
701,1,1,0,1,1,0,0,1,1,0,0,1,0,1,1,1
702,1,0,1,1,1,0,0,0,0,1,0,0,0,1,0,1
703,1,0,0,1,1,1,1,0,1,1,1,1,1,0,1,0
704,1,1,0,1,1,1,1,1,1,1,1,1,1,1,1,1
705,1,1,1,0,0,0,0,0,0,1,1,1,1,0,0,1
706,1,1,1,1,1,1,0,1,1,1,1,1,0,1,1,1
707,0,0,1,1,1,1,0,0,0,0,1,1,0,1,1,1
708,1,0,1,1,0,1,1,0,1,1,0,0,0,1,0,0
709,0,1,0,1,1,0,0,1,0,1,1,1,0,1,1,0
710,0,1,1,0,1,1,1,0,0,0,0,1,1,0,1,0
711,1,1,1,0,1,1,1,0,1,1,1,0,0,1,1,0
712,0,1,1,1,0,0,1,1,0,0,1,0,1,0,1,1
713,1,1,0,1,1,1,1,1,1,0,1,1,0,1,0,0
714,1,0,0,1,0,0,1,0,1,0,1,0,1,1,0,1
715,0,1,0,1,1,0,1,1,0,1,1,1,0,0,1,0
716,0,1,1,1,0,1,1,0,1,1,0,0,0,1,1,0
717,0,0,0,1,1,1,1,0,1,0,0,0,1,0,1,0
718,1,0,1,1,1,1,1,0,1,1,0,1,0,1,0,1
719,0,0,1,1,1,0,0,1,0,1,1,1,1,0,1,1
720,0,0,1,1,1,0,0,0,0,1,1,0,0,1,0,1
721,1,0,1,1,1,1,1,1,1,0,1,1,1,1,0,1
722,1,1,1,0,1,1,1,1,0,0,1,1,0,0,1,1
723,0,0,0,1,1,1,0,1,0,1,1,1,1,1,1,0
724,1,1,0,1,0,0,0,1,1,0,1,1,1,0,1,0
725,1,0,0,1,1,1,0,1,0,0,1,0,1,0,0,0
726,1,1,1,0,1,0,1,1,1,0,1,1,1,1,0,1
727,0,1,1,0,1,0,1,0,1,1,1,1,0,1,1,1
728,0,0,1,1,1,0,0,1,1,1,1,0,1,0,1,0
729,1,0,0,0,0,1,1,0,0,0,1,0,0,0,1,1
730,0,1,0,0,1,0,1,1,0,0,0,0,1,1,0,0
731,1,1,1,0,0,1,0,0,1,0,0,0,0,0,0,1
732,0,0,0,0,0,0,1,0,1,1,1,1,1,1,0,1
733,0,0,1,0,1,0,0,1,0,1,0,0,1,1,1,1
734,1,0,1,1,1,1,1,1,1,0,0,0,0,0,0,0
735,0,1,1,0,1,0,0,0,0,1,1,0,0,0,1,0
736,1,1,0,0,0,1,0,0,0,1,1,1,1,1,0,0
737,0,0,0,1,0,0,1,1,0,1,1,1,1,1,1,1
738,0,1,1,1,1,0,1,1,1,1,0,0,1,0,1,1
739,0,1,1,1,1,0,1,1,1,1,1,1,0,0,1,0
740,1,1,1,0,1,1,0,1,0,0,1,1,1,1,1,1
741,1,0,0,0,0,0,0,0,1,0,0,1,0,0,1,0
742,1,1,1,1,1,1,1,1,1,0,1,0,1,1,1,1
743,0,1,0,1,0,1,1,1,0,1,0,1,0,0,1,0
744,1,1,1,1,0,1,1,0,1,0,0,1,1,1,1,1
745,0,1,0,1,0,1,1,0,1,1,1,0,1,1,0,0
746,1,0,1,0,0,1,1,0,0,1,0,1,1,1,1,0
747,0,0,1,1,1,1,0,1,1,0,1,0,1,0,0,1
748,0,1,0,0,0,0,1,0,1,0,0,1,0,1,0,0
749,1,0,0,1,0,0,1,0,0,1,0,0,1,1,1,1
750,1,0,0,1,1,1,1,1,0,0,1,0,0,0,1,1
751,1,0,0,0,1,1,0,0,0,0,1,0,1,0,1,1
752,1,1,1,1,0,1,0,1,1,1,1,1,1,0,1,1
753,1,0,0,1,1,0,0,0,0,1,1,1,0,1,0,0
754,0,0,0,1,1,1,0,0,1,0,0,1,1,1,0,0
755,1,1,0,1,0,1,1,1,0,0,1,1,1,1,1,0
756,1,0,1,1,1,1,1,1,1,1,1,1,1,0,1,0
757,1,0,0,1,1,0,0,1,1,0,0,0,0,1,1,1
758,0,1,1,1,1,0,1,1,1,1,1,0,1,1,0,1
759,0,1,0,1,1,0,0,1,0,0,0,1,1,1,1,1
760,1,1,0,0,0,0,0,0,1,0,1,1,1,1,0,1
761,1,1,1,0,1,1,0,1,1,0,0,0,1,0,1,0
762,0,0,0,1,1,1,1,0,1,1,0,1,1,0,1,1
763,1,1,0,0,0,0,1,1,1,0,1,1,0,1,0,1
764,1,1,0,1,1,1,0,1,1,1,0,0,1,1,0,1
765,1,0,1,1,1,1,1,1,0,0,1,0,0,0,1,0
766,1,1,1,1,1,0,1,1,1,1,1,1,0,1,1,1
767,0,1,0,1,1,1,0,0,1,1,1,0,0,0,0,1
768,1,1,1,1,1,0,0,1,1,0,1,0,0,1,0,1
769,1,1,1,1,0,1,1,1,1,1,1,1,0,1,0,1
770,0,1,1,0,1,0,1,0,1,1,0,0,0,0,1,0
771,1,1,0,0,0,1,1,1,0,0,1,1,1,0,1,1
772,0,0,0,0,0,1,1,1,1,0,0,1,1,0,0,1
773,1,0,1,1,1,1,0,0,0,0,1,1,0,1,0,0
774,0,0,0,0,0,1,0,0,1,1,1,1,1,1,1,0
775,1,1,1,1,0,1,1,1,1,1,0,1,1,1,1,0
776,0,1,0,1,0,1,1,0,1,1,1,1,0,1,1,1
777,0,0,1,0,0,0,1,1,1,1,0,0,1,1,1,1
778,1,1,0,0,0,1,1,1,1,1,1,1,0,0,0,0
779,1,1,1,0,0,0,0,1,1,1,0,0,1,1,0,0
780,1,1,1,0,1,1,1,0,0,1,1,0,0,1,0,1
781,1,1,0,1,1,1,1,1,1,1,0,1,0,1,0,1
782,0,1,1,0,1,1,1,1,1,1,1,1,0,1,1,0
783,1,1,0,1,0,1,1,1,0,1,1,1,1,0,1,1
784,0,0,0,0,1,1,0,0,1,0,1,1,0,1,1,1
785,0,1,0,0,0,1,0,0,0,0,0,0,1,1,1,0
786,0,0,0,1,0,0,0,0,0,0,1,0,1,0,1,0
787,1,1,0,0,1,1,1,0,0,0,1,1,0,0,1,0
788,1,0,1,1,1,1,1,0,1,0,0,0,1,1,1,0
789,0,0,0,1,0,1,1,1,1,1,0,0,1,1,0,0
790,0,0,1,1,0,1,1,1,0,1,1,0,1,1,0,1
791,1,1,1,0,0,1,0,0,1,1,1,1,0,0,1,0
792,1,1,0,0,0,1,1,0,1,0,1,0,1,1,1,1
793,1,1,1,1,1,1,1,1,1,1,0,1,1,1,1,0
794,1,1,0,1,0,0,0,0,0,1,0,1,0,0,0,1
795,0,0,0,1,1,1,1,0,1,1,0,0,0,1,1,1
796,0,0,0,0,1,1,1,1,1,0,1,0,1,0,0,1
797,0,0,0,0,0,1,0,0,0,0,1,1,1,1,0,1
798,1,0,1,1,0,1,1,1,1,1,1,1,1,0,1,1
799,1,0,0,1,1,1,1,1,1,1,0,1,1,0,0,1
800,0,1,0,0,0,1,1,1,1,0,0,1,1,1,0,1
801,1,0,0,0,0,0,0,1,1,1,1,1,1,0,1,1
802,1,1,1,0,1,1,0,1,0,0,0,1,0,0,1,1
803,0,1,1,1,1,0,1,0,1,0,1,1,1,1,1,1
804,1,1,1,0,1,0,1,0,0,1,1,0,0,0,1,1
805,1,0,0,1,0,1,1,1,0,1,1,0,1,0,0,1
806,0,0,0,1,1,0,0,1,0,0,0,0,0,1,1,0
807,1,1,1,1,1,0,1,1,1,0,1,0,0,0,0,1
808,0,1,1,1,1,0,1,1,0,0,1,0,1,1,0,0
809,0,1,1,1,1,1,1,0,1,0,0,1,1,1,1,1
810,1,0,0,1,0,0,1,1,1,1,1,0,0,1,0,1
811,1,1,1,1,1,1,0,1,1,1,0,1,1,0,0,1
812,1,1,1,0,1,1,1,1,1,0,1,1,0,0,0,1
813,0,0,0,1,1,0,0,0,1,1,1,0,1,1,1,1
814,1,1,1,1,0,0,1,0,1,0,1,0,1,1,1,0
815,0,0,0,0,1,1,0,0,1,0,1,0,0,0,1,0
816,0,1,0,0,0,1,0,0,0,0,1,1,0,0,1,0
817,1,0,1,1,1,0,1,1,1,0,1,1,0,1,1,1
818,0,1,0,0,0,0,0,0,0,0,1,0,0,1,1,1
819,1,1,1,0,1,0,0,0,1,0,0,1,0,0,1,1
820,0,0,1,1,0,0,0,0,1,0,1,0,0,1,0,0
821,1,1,1,1,1,1,1,0,0,0,1,1,0,1,0,1
822,1,0,0,0,0,1,1,0,0,1,1,0,0,1,1,1
823,0,0,1,1,1,1,1,1,0,1,0,1,0,0,1,0
824,1,0,0,1,0,0,1,0,0,0,0,1,1,0,1,1
825,1,0,0,1,0,0,1,1,1,0,1,0,0,1,0,1
826,1,1,1,0,1,0,0,0,0,1,1,1,0,0,0,1
827,1,1,1,1,0,1,1,0,0,0,0,1,1,0,0,0
828,0,0,1,0,0,1,1,1,0,1,0,1,1,1,0,1
829,1,0,1,0,1,1,1,1,0,1,0,0,0,0,1,1
830,0,1,1,0,1,1,0,1,1,1,0,0,1,1,1,0
831,1,1,1,1,1,0,0,1,1,1,1,1,0,1,1,0
832,0,0,1,1,0,1,0,1,0,1,0,0,0,0,1,1
833,1,0,1,1,0,1,0,1,0,1,1,1,1,0,0,1
834,1,1,1,1,1,1,0,1,1,0,1,1,0,1,1,0
835,0,1,1,0,1,0,0,1,0,0,1,0,0,1,1,0
836,1,0,1,1,0,1,1,0,1,1,1,1,1,1,1,1
837,0,1,0,1,1,0,0,1,1,0,1,1,0,1,0,0
838,1,1,0,0,0,0,1,1,1,0,0,1,1,1,1,0
839,0,0,0,1,0,1,1,0,1,0,0,0,0,0,1,1
840,0,1,0,1,0,0,0,1,0,1,1,0,1,0,1,0
841,0,1,0,1,1,0,1,1,0,1,1,0,1,0,1,1
842,1,1,1,1,1,0,1,0,0,1,1,1,0,1,1,1
843,1,0,1,1,1,1,0,1,1,1,0,0,1,1,0,1
844,0,1,0,0,0,0,0,0,0,0,1,0,1,1,1,0
845,1,0,0,0,1,0,1,1,0,1,1,1,0,0,0,1
846,1,1,1,1,1,1,1,0,1,1,0,1,0,1,0,0
847,1,1,1,0,0,0,0,1,0,0,1,1,0,0,1,0
848,1,0,1,1,1,0,0,0,1,1,0,0,0,1,1,1
849,1,0,0,0,1,0,1,1,0,1,1,1,0,1,1,1
850,1,1,0,1,1,1,1,0,1,0,1,1,1,1,1,1
851,0,0,0,1,0,1,0,0,1,0,0,0,0,1,0,0
852,0,0,0,0,1,1,0,1,0,1,1,0,0,1,1,0
853,1,1,1,1,1,1,0,1,1,0,1,1,1,0,1,1
854,1,0,1,0,1,0,1,1,0,1,0,1,0,1,0,1
855,1,1,1,0,1,0,1,1,0,1,1,1,1,1,1,1
856,1,1,1,0,0,1,1,1,1,1,1,1,1,1,0,1
857,1,1,0,1,1,0,1,1,1,1,0,0,0,0,0,1
858,1,1,1,1,0,0,1,0,0,1,1,0,0,0,1,1
859,0,1,1,0,0,0,1,1,1,1,1,0,1,1,1,1
860,1,1,0,0,1,1,1,0,1,1,0,0,1,1,0,1
861,1,1,1,1,1,0,0,1,0,1,1,0,0,1,1,1
862,0,1,1,1,0,1,1,1,0,1,1,1,1,1,0,0
863,1,1,1,0,0,0,0,0,1,1,1,0,0,1,0,0
864,0,1,1,1,1,1,0,0,0,0,1,1,0,1,1,1
865,1,0,1,1,1,1,0,1,1,0,1,0,0,1,0,1
866,1,1,1,1,1,1,0,1,1,0,1,0,1,0,1,0
867,1,0,0,0,0,0,0,0,0,0,0,0,1,1,1,1
868,1,1,0,1,0,1,0,1,1,0,1,0,1,1,0,1
869,1,1,0,1,1,0,1,0,1,0,0,0,1,0,0,1
870,1,1,1,1,1,0,1,1,1,0,1,1,0,0,1,0
871,1,1,1,1,0,0,0,0,1,1,1,1,1,1,1,1
872,0,1,1,1,1,1,0,1,1,1,1,1,0,0,1,0
873,0,0,1,1,1,1,0,0,1,1,1,1,1,0,1,0
874,0,0,0,0,1,0,0,1,1,0,1,1,1,0,0,1
875,1,0,0,0,0,0,0,1,0,1,0,1,0,0,0,1
876,1,0,0,1,1,1,1,1,1,1,1,1,1,1,1,1
877,0,1,1,0,1,1,1,1,1,1,1,1,1,0,1,1
878,1,1,0,1,0,1,0,1,1,1,1,1,1,1,0,1
879,1,0,0,0,1,1,0,0,1,1,1,1,1,0,1,1
880,1,1,1,1,0,1,0,0,1,1,1,1,0,0,1,1
881,0,0,0,0,0,1,0,0,1,0,0,1,1,0,1,1
882,1,1,1,1,0,1,1,1,0,0,1,0,1,0,1,1
883,1,1,0,0,1,1,0,0,0,1,0,0,0,1,1,1
884,1,1,1,1,0,1,0,1,1,1,1,0,0,1,0,1
885,1,1,1,0,0,1,1,1,1,1,1,1,1,1,1,0
886,1,1,1,1,0,1,1,0,1,1,1,1,1,0,1,1
887,1,0,1,1,0,1,0,1,0,0,0,0,1,1,1,0
888,1,1,1,0,1,1,0,1,1,1,1,1,1,1,1,0
889,1,0,0,0,0,1,1,0,0,1,0,1,1,1,1,0
890,1,0,1,1,1,0,0,1,0,0,0,1,1,1,1,0
891,0,1,0,0,0,0,0,0,1,0,1,1,1,0,1,0
892,1,1,1,1,1,0,0,1,1,0,1,1,1,1,1,1
893,1,1,0,0,1,0,0,1,1,1,1,0,1,1,0,0
894,0,0,1,0,1,0,0,1,1,1,0,0,1,1,1,0
895,1,1,1,1,1,0,1,1,1,1,1,1,1,0,1,0
896,1,1,1,0,0,0,0,0,1,1,1,0,1,0,0,1
897,1,0,1,0,0,1,0,0,1,0,1,0,0,0,1,1
898,1,0,0,0,1,0,1,1,1,0,1,1,1,1,0,1
899,0,1,1,0,0,1,0,1,1,1,1,1,0,0,1,1
900,0,0,1,1,1,1,0,0,0,0,0,0,1,1,1,1
901,0,0,1,1,0,0,1,1,1,1,0,1,0,1,1,0
902,1,1,0,1,0,1,1,0,1,1,0,1,1,1,0,1
903,1,1,1,1,1,0,1,0,1,1,0,1,0,0,1,1
904,0,0,1,1,1,0,0,1,0,1,1,1,1,1,1,1
905,0,0,1,1,1,0,0,1,1,1,1,1,1,1,1,1
906,1,1,0,1,1,1,1,1,1,1,1,0,1,0,1,1
907,1,0,0,1,1,1,0,1,0,0,1,1,0,0,0,0
908,1,1,0,1,0,1,1,1,0,0,0,0,1,0,1,1
909,1,0,0,0,0,0,1,1,1,1,0,1,0,1,0,1
910,1,1,1,0,0,1,0,1,0,0,1,1,1,0,1,0
911,0,1,0,1,1,0,1,0,1,1,1,0,1,1,0,1
912,0,1,0,1,1,0,0,0,1,0,0,0,0,1,1,1
913,1,0,1,1,0,0,1,1,1,1,1,0,1,1,0,1
914,1,0,1,1,1,1,1,1,1,1,1,0,1,1,1,1
915,1,1,0,0,0,0,0,0,0,1,0,0,0,1,0,0
916,1,1,1,0,1,1,1,1,1,0,1,1,1,1,1,1
917,0,1,0,0,0,0,0,0,0,0,0,1,1,1,1,1
918,0,0,1,0,1,1,1,0,1,1,1,1,1,1,1,1
919,1,1,1,1,0,1,0,1,0,0,0,1,1,1,0,1
920,1,0,0,1,1,1,0,0,1,1,1,0,0,1,1,0
921,0,0,1,1,1,0,1,1,0,0,1,1,1,0,1,1
922,1,1,1,1,1,1,0,1,0,1,1,1,0,1,0,1
923,1,0,0,0,0,0,1,1,0,0,1,1,1,1,1,1
924,0,0,1,1,1,1,0,0,1,0,0,0,1,1,1,0
925,0,0,0,1,1,1,0,1,1,1,0,0,1,1,0,0
926,1,0,0,1,0,0,0,0,1,1,0,0,0,1,1,1
927,1,1,0,0,1,0,1,0,1,0,1,1,1,0,1,0
928,0,1,1,1,0,0,1,0,0,1,0,0,0,0,1,1
929,1,0,0,1,0,0,1,0,1,1,1,0,1,0,0,0
930,0,0,1,1,1,1,1,1,1,1,1,1,0,0,1,1
931,1,0,1,1,0,1,1,1,0,0,1,0,0,1,0,0
932,1,0,1,1,1,1,0,1,1,1,0,1,0,1,1,0
933,0,1,0,0,1,0,1,1,1,0,1,1,0,1,1,0
934,1,0,0,1,1,1,1,0,1,1,0,1,1,0,1,0
935,0,1,1,1,1,1,0,1,1,1,1,0,1,1,0,0
936,0,1,1,0,1,0,1,0,1,0,1,1,1,0,0,0
937,1,1,0,1,1,1,1,1,1,1,0,0,0,1,1,1
938,0,1,1,1,1,1,1,0,0,0,1,1,0,1,1,1
939,0,1,0,1,1,1,1,1,1,0,1,1,0,1,1,0
940,1,0,1,1,1,0,0,1,1,1,1,1,1,1,0,1
941,1,1,1,1,1,0,0,1,1,1,1,0,0,1,1,1
942,1,1,0,1,0,1,1,0,1,1,1,0,1,1,0,1
943,1,1,1,1,1,1,0,1,1,1,1,1,1,1,0,0
944,0,1,0,1,1,1,1,1,1,0,0,0,1,0,0,0
945,1,0,1,1,1,1,1,1,1,1,0,0,1,1,1,1
946,1,1,1,1,0,1,0,0,1,0,1,1,1,1,1,0
947,0,0,0,0,1,0,0,1,0,1,0,0,0,0,1,1
948,0,0,1,0,1,1,1,0,1,1,0,1,1,0,1,0
949,1,1,1,1,1,0,0,0,0,1,1,0,1,0,1,0
950,1,0,1,0,1,0,0,1,0,1,0,1,0,0,1,0
951,1,1,0,1,1,1,1,1,0,0,1,1,0,1,1,1
952,0,0,0,1,0,0,1,1,0,1,0,1,0,1,0,0
953,1,0,1,1,1,1,1,1,1,0,0,1,1,1,0,0
954,0,0,0,1,1,0,0,1,0,1,1,1,1,1,0,0
955,1,1,1,0,1,1,0,0,1,0,0,1,1,1,1,0
956,0,1,1,1,1,1,1,0,1,0,1,1,0,0,0,0
957,1,1,1,0,1,1,1,0,1,1,1,1,1,1,1,1
958,1,1,0,1,1,0,1,0,1,0,1,1,1,1,0,0
959,1,1,1,1,0,0,0,0,0,1,1,1,1,0,1,1
960,1,0,0,0,1,1,0,1,0,0,1,0,1,0,0,0
961,0,0,1,1,0,1,0,0,1,1,0,0,0,0,1,1
962,1,0,1,1,1,1,1,1,1,0,0,1,1,1,1,1
963,1,0,0,1,1,0,0,0,0,1,0,0,0,1,1,0
964,0,0,1,0,1,1,1,0,1,0,0,0,1,0,1,1
965,0,1,1,1,1,1,1,1,1,1,1,1,1,0,0,1
966,1,1,0,0,1,1,0,1,1,1,0,1,1,1,1,1
967,1,0,1,0,1,0,1,1,1,0,0,0,0,1,1,0
968,1,1,1,1,0,0,1,0,0,0,1,1,1,1,1,0
969,1,0,1,1,1,0,1,1,1,1,1,0,1,1,1,1
970,0,1,1,1,0,0,1,0,0,0,1,0,0,1,1,1
971,1,1,1,1,0,0,1,1,1,0,0,1,1,0,1,0
972,1,0,0,0,0,1,0,1,1,0,1,0,1,0,0,0
973,1,1,1,1,0,1,0,0,1,1,1,1,1,1,1,0
974,1,1,1,0,1,1,0,1,1,1,1,1,1,0,1,1
975,1,1,0,0,0,1,1,0,0,1,1,1,1,0,0,0
976,0,0,1,0,0,1,0,1,0,0,0,1,1,0,1,0
977,0,0,1,0,0,0,1,1,1,1,0,0,1,0,1,1
978,1,1,1,1,1,1,1,1,0,1,1,0,1,1,0,0
979,1,0,0,1,1,1,0,1,0,0,1,1,1,1,0,1
980,1,1,1,0,0,0,0,1,1,1,1,0,1,1,1,1
981,1,1,0,0,1,0,0,0,1,1,1,1,1,1,1,0
982,1,1,1,0,1,0,1,0,0,0,1,0,0,1,1,1
983,0,1,1,0,1,0,1,0,0,0,1,1,1,1,1,0
984,0,1,1,1,1,1,1,1,1,0,1,1,1,1,1,1
985,1,1,1,1,1,1,1,1,0,0,1,1,0,1,0,1
986,0,1,0,0,1,1,0,1,0,1,1,1,0,0,1,1
987,0,1,1,0,1,1,1,1,1,1,1,0,0,1,0,1
988,1,1,0,0,0,1,1,0,1,1,1,1,0,0,0,1
989,1,0,1,0,1,1,0,1,1,1,1,0,1,0,0,0
990,0,0,0,0,1,1,0,0,1,1,1,0,1,1,0,0
991,0,1,1,1,1,1,0,1,0,1,0,1,1,1,0,0
992,1,0,0,1,1,0,0,1,0,1,1,1,0,1,0,1
993,0,1,1,1,0,0,1,0,1,1,1,0,1,1,0,0
994,1,1,1,1,0,1,1,0,0,1,0,0,1,1,0,0
995,1,1,0,1,1,0,1,1,0,1,1,1,1,1,0,1
996,1,1,1,0,1,1,0,0,1,1,1,1,0,1,1,1
997,1,1,1,1,1,0,0,1,0,1,0,1,0,1,1,1
998,1,0,0,1,1,1,1,1,0,0,1,1,1,1,0,0
999,0,1,1,0,1,0,1,0,0,0,0,1,0,0,0,0
1000,1,1,1,1,1,1,1,1,1,1,1,0,1,1,1,1
1001,1,0,0,1,0,1,1,0,1,0,1,1,1,1,1,1
1002,1,1,1,0,1,1,1,1,1,0,1,1,1,1,0,1
1003,1,0,1,1,0,1,1,1,0,0,1,1,1,1,1,0
1004,0,0,0,1,0,0,1,0,1,0,0,1,1,1,1,1
1005,0,0,1,0,0,0,0,1,1,0,1,1,1,1,1,0
1006,1,0,1,1,1,1,1,0,1,1,1,0,0,1,0,0
1007,1,1,1,0,1,0,0,1,1,0,1,1,1,0,1,0
1008,1,0,0,0,0,1,0,1,0,1,1,1,0,0,1,0
1009,1,0,1,0,1,1,1,1,1,1,0,1,1,1,1,1
1010,1,0,0,1,0,0,1,0,1,1,1,0,0,0,0,0
1011,1,1,1,1,0,1,1,1,1,1,1,1,1,0,1,0
1012,1,0,1,0,1,1,1,1,0,1,0,1,1,0,0,0
1013,0,1,1,0,1,0,0,1,0,1,1,1,1,0,1,0
1014,0,0,1,1,1,0,1,1,0,0,1,1,1,0,0,0
1015,0,0,0,0,1,0,0,1,1,0,0,0,1,0,1,1
1016,1,0,0,0,0,0,0,1,0,1,1,1,1,0,1,1
1017,1,1,0,0,0,0,0,0,1,0,0,1,0,1,0,1
1018,1,1,0,1,0,0,0,1,1,1,1,0,1,1,0,0
1019,0,0,1,1,0,0,1,0,0,0,1,0,1,1,1,0
1020,1,0,1,1,1,1,1,0,1,0,0,0,0,0,0,1
1021,0,1,0,0,0,0,0,1,0,1,1,0,1,1,0,0
1022,0,0,1,1,0,1,1,0,1,0,1,1,0,1,1,1
1023,0,1,1,0,1,0,0,1,0,1,0,0,1,1,0,1
1024,1,0,1,0,1,0,0,0,1,1,1,1,1,1,0,0
1025,1,1,1,1,1,1,1,1,1,1,0,0,0,1,1,1
1026,1,0,0,1,0,0,0,1,1,0,0,1,1,0,1,0
1027,0,0,0,1,0,0,1,1,0,0,1,1,0,1,0,0
1028,0,1,0,1,0,0,1,0,1,1,0,0,1,1,0,0
1029,1,1,0,1,1,0,1,1,0,0,0,1,1,1,0,0
1030,0,0,0,1,1,1,1,0,1,0,1,0,1,0,1,1
1031,0,1,1,1,0,0,1,0,1,1,1,1,0,0,1,0
1032,0,1,1,1,1,0,0,0,0,1,1,1,1,1,1,1
1033,1,1,1,0,0,1,1,1,0,1,0,1,1,1,0,1
1034,1,0,0,0,0,1,1,0,1,0,1,1,1,1,1,1
1035,0,1,0,1,1,1,1,0,0,1,1,1,1,1,1,1
1036,1,0,1,0,0,1,0,1,1,1,0,0,0,0,1,1
1037,1,0,1,0,1,1,1,0,1,1,0,1,1,1,0,0
1038,0,1,1,1,0,0,0,0,1,1,1,1,0,1,1,0
1039,1,0,1,1,1,1,1,1,1,1,1,1,1,1,1,1
1040,1,0,0,0,0,0,0,1,0,1,0,0,0,1,1,1
1041,0,1,1,0,1,1,0,1,1,1,1,1,1,1,1,1
1042,0,1,1,0,1,0,0,1,0,1,0,0,0,0,1,0
1043,1,1,0,0,1,0,1,1,1,1,1,1,1,0,1,1
1044,1,1,0,0,0,0,1,0,0,0,0,0,0,0,1,1
1045,1,1,1,1,0,1,1,1,1,0,0,1,1,1,1,0
1046,0,0,1,1,1,1,0,0,0,1,1,0,1,1,1,1
1047,1,0,1,0,0,0,1,1,1,1,1,0,1,0,0,0
1048,1,1,0,0,0,1,1,0,0,1,1,0,1,0,1,0
1049,1,0,1,0,1,0,0,1,0,1,1,1,0,1,1,1
1050,0,1,0,1,1,0,0,1,0,1,0,1,1,1,0,0
1051,1,0,1,1,0,1,1,0,1,1,1,0,0,0,1,1
1052,1,1,1,1,0,0,1,1,1,1,1,1,1,0,0,1
1053,0,0,1,0,0,1,1,1,1,1,1,1,1,1,0,0
1054,1,0,1,1,1,1,1,1,1,0,1,1,0,0,1,1
1055,0,1,1,0,1,0,1,0,1,1,1,1,0,1,1,0
1056,1,1,1,1,1,1,1,0,0,1,1,1,0,0,1,0
1057,1,0,1,0,1,1,1,0,0,1,0,1,0,1,1,1
1058,0,0,0,0,0,0,0,1,0,1,0,1,0,1,1,0
1059,1,1,0,1,1,1,1,1,0,0,0,0,0,1,1,0
1060,0,0,0,0,1,0,1,0,0,0,0,0,1,0,1,0
1061,1,1,1,1,1,1,1,0,0,1,0,0,1,1,0,1
1062,0,0,1,0,0,1,0,1,1,1,1,0,1,1,1,1
1063,1,0,0,1,0,0,1,1,0,0,0,0,1,0,1,1
1064,1,1,1,1,1,0,0,0,1,0,0,0,1,1,0,0
1065,1,0,0,1,0,1,1,1,1,0,0,0,0,0,1,1
1066,1,1,1,1,1,0,1,1,1,1,0,1,1,1,1,1
1067,0,0,1,1,0,0,1,1,1,0,1,1,0,0,0,1
1068,1,0,1,0,0,1,1,1,1,1,1,0,1,1,1,1
1069,0,1,1,0,1,0,0,1,1,0,1,1,0,1,1,1
1070,1,0,1,1,1,0,1,1,0,1,0,1,0,0,1,1
1071,0,1,0,1,1,0,1,0,1,0,1,1,1,0,1,0
1072,1,1,0,0,1,0,0,1,0,1,1,1,0,1,1,0
1073,1,0,1,1,1,0,0,0,1,0,1,1,1,0,1,0
1074,1,0,1,0,0,1,1,1,1,1,1,1,1,1,0,1
1075,1,1,0,1,0,1,1,0,1,0,0,0,0,1,1,1
1076,0,1,0,0,1,1,1,0,0,0,1,1,0,1,1,1
1077,0,0,1,1,1,0,1,1,1,1,0,0,0,0,0,1
1078,0,1,1,0,0,0,0,0,0,1,0,0,0,0,0,0
1079,1,0,0,1,1,1,1,0,1,1,1,1,0,1,0,1
1080,1,1,1,1,1,0,1,1,1,0,1,1,1,0,0,1
1081,1,1,0,1,0,1,1,1,1,0,1,1,1,1,0,0
1082,0,1,1,0,1,1,0,1,0,0,0,0,1,1,0,1
1083,0,1,1,0,1,1,1,0,0,1,0,1,0,1,0,1
1084,1,0,1,0,1,1,1,0,0,1,1,1,1,1,1,1
1085,1,0,1,1,1,1,1,1,1,1,1,1,1,0,1,1
1086,1,1,0,1,1,1,0,1,1,1,1,1,0,1,1,0
1087,1,0,1,0,1,0,1,1,1,0,1,0,0,1,1,1
1088,0,0,0,0,1,1,1,1,0,1,0,1,1,0,0,0
1089,1,0,0,1,0,1,1,1,0,0,1,1,0,1,1,1
1090,0,1,0,1,1,1,0,1,0,0,0,1,1,1,1,1
1091,0,1,0,1,0,0,0,1,1,0,0,1,0,1,1,1
1092,1,1,1,1,1,1,0,1,1,0,0,1,1,0,0,0
1093,1,0,0,0,1,0,1,1,1,0,1,0,0,0,0,1
1094,0,0,1,1,0,1,1,0,1,0,1,0,0,0,1,0
1095,0,1,0,1,1,1,0,1,1,1,0,1,0,0,0,0
1096,0,1,1,1,0,1,1,1,0,1,1,1,0,1,1,1
1097,0,0,0,0,1,0,0,1,0,1,0,1,1,1,0,1
1098,1,1,1,1,1,1,0,1,0,1,1,1,1,1,1,0
1099,1,0,1,1,0,0,0,1,1,1,1,1,1,1,1,0
1100,1,1,1,1,1,1,1,1,1,0,1,0,0,0,0,0
1101,0,1,1,1,1,0,0,1,1,1,1,1,1,1,1,1
1102,1,0,1,1,1,1,1,1,1,0,0,1,1,0,1,0
1103,0,1,1,0,1,1,0,0,1,1,0,1,1,1,1,1
1104,0,0,1,1,0,0,0,0,1,1,1,1,1,1,0,1
1105,1,1,1,1,0,0,0,1,0,1,1,1,0,1,1,0
1106,1,1,1,1,1,1,0,1,1,1,0,0,0,1,1,1
1107,1,1,1,1,1,1,1,1,1,0,1,1,1,1,0,1
1108,1,0,1,0,0,0,0,0,0,0,0,0,0,1,0,0
1109,0,1,1,1,0,0,0,0,0,0,1,1,1,1,1,0
1110,0,0,0,0,1,0,0,0,1,0,0,0,0,0,1,0
1111,1,0,0,1,1,1,0,0,0,1,0,1,0,1,1,0
1112,0,1,1,0,1,1,1,1,1,1,1,0,0,0,0,1
1113,1,0,0,1,1,0,0,0,1,0,1,0,1,1,1,0
1114,1,1,0,1,0,1,1,1,1,1,1,0,0,1,1,0
1115,0,1,1,0,0,1,0,1,0,1,0,1,1,1,1,0
1116,0,1,0,1,1,1,1,1,0,0,1,1,1,0,1,0
1117,0,0,1,0,1,0,1,0,0,0,1,1,0,0,0,1
1118,0,0,1,1,0,1,0,1,1,1,1,1,0,1,1,1
1119,0,1,1,1,0,0,0,1,1,1,0,1,1,1,1,1
1120,0,1,0,1,1,1,0,1,0,1,1,0,0,1,1,1
1121,1,1,0,1,0,1,1,1,0,0,0,0,0,1,1,1
1122,1,1,0,0,1,0,0,0,1,1,0,1,1,0,0,1
1123,0,0,1,0,1,1,1,0,1,1,0,1,1,1,0,0
1124,1,1,0,1,1,1,0,1,1,1,1,0,0,1,1,1
1125,1,0,0,0,0,1,1,0,1,1,0,0,1,1,1,1
1126,0,0,0,0,1,0,1,0,0,1,1,1,1,1,1,0
1127,1,1,1,1,1,1,0,0,0,0,1,0,1,1,1,1
1128,1,1,1,1,1,1,1,0,0,1,1,0,0,0,1,1
1129,1,0,1,1,0,0,1,1,0,0,1,1,0,0,1,0
1130,1,1,0,1,1,1,0,0,0,1,0,0,1,1,0,1
1131,1,0,1,1,1,0,1,1,1,1,1,0,1,1,1,1
1132,1,0,0,1,0,0,0,0,1,0,0,1,0,1,1,0
1133,1,0,1,0,1,0,1,1,0,1,1,1,1,0,1,0
1134,1,0,0,1,0,1,0,1,0,1,0,0,1,0,0,1
1135,1,1,0,0,1,0,0,1,1,0,0,1,1,0,0,1
1136,1,0,0,1,0,1,1,0,0,1,0,1,1,0,0,1
1137,0,0,1,1,0,1,1,1,1,0,0,0,0,0,0,0
1138,0,0,1,0,1,0,1,0,1,0,0,1,0,0,0,1
1139,1,0,1,1,1,0,1,0,1,1,1,1,1,1,1,0
1140,1,1,1,0,1,1,0,1,0,1,1,1,1,0,1,1
1141,0,0,0,1,0,1,1,1,1,0,1,1,1,0,1,0
1142,1,1,0,0,1,0,0,0,0,1,0,0,0,0,0,0
1143,1,0,0,0,1,0,1,1,1,1,1,0,0,1,0,1
1144,0,0,0,1,0,0,0,1,0,1,1,0,0,0,0,0
1145,1,0,1,0,1,1,1,1,0,0,0,0,1,0,1,0
1146,1,1,0,1,1,1,1,1,1,1,0,1,1,1,1,1
1147,1,1,1,1,0,1,1,1,1,1,0,1,1,1,1,0
1148,0,1,0,0,1,0,1,1,0,0,0,1,1,0,0,0
1149,1,1,1,0,1,1,1,1,1,1,1,0,0,1,0,1
1150,1,1,1,1,1,0,1,1,1,1,1,0,1,1,1,1
1151,1,1,0,0,1,0,1,0,1,1,1,1,1,0,0,1
1152,0,0,0,1,1,1,1,0,0,1,1,1,1,1,0,0
1153,0,1,1,0,1,1,1,1,0,1,1,1,0,0,0,1
1154,1,0,0,0,1,1,1,1,0,1,1,1,1,0,1,1
1155,1,1,1,1,1,1,1,0,1,1,1,1,0,1,0,0
1156,1,0,1,1,1,1,1,1,0,0,1,0,1,0,1,1
1157,1,0,0,1,0,1,1,1,1,0,1,1,0,1,0,0
1158,0,1,0,1,1,1,1,1,1,1,0,0,1,1,1,1
1159,1,1,1,0,1,1,0,1,0,0,1,1,1,0,1,0
1160,1,1,1,1,1,0,0,0,0,1,1,0,1,0,0,0
1161,0,1,0,0,1,0,1,1,1,1,0,0,0,0,0,1
1162,0,0,0,0,0,0,1,0,1,1,0,1,1,0,0,1
1163,0,0,1,0,1,1,0,0,1,1,1,1,0,0,1,1
1164,0,1,0,1,1,1,1,1,1,1,1,0,1,1,1,1
1165,1,1,1,1,1,0,1,1,0,1,1,1,1,1,1,1
1166,0,0,0,0,0,0,1,1,1,0,1,0,0,1,1,0
1167,0,1,0,1,1,0,0,1,1,1,1,0,1,1,0,1
1168,0,1,1,1,1,0,0,1,1,1,1,1,1,1,1,1
1169,0,0,1,1,1,0,1,1,1,0,1,0,1,0,0,1
1170,1,1,1,1,0,0,1,1,0,1,1,0,1,0,0,1
1171,0,1,0,0,1,0,1,1,0,1,1,1,0,1,0,1
1172,1,0,1,0,1,1,1,1,1,1,1,1,0,1,0,1
1173,1,0,1,0,1,1,1,0,0,0,0,0,1,1,1,0
1174,0,0,1,1,0,1,1,1,0,0,1,0,1,1,1,1
1175,0,1,0,0,1,1,0,0,1,1,1,0,1,1,0,1
1176,1,0,0,0,1,0,1,0,0,1,1,1,1,1,0,1
1177,1,0,1,1,0,0,1,1,1,1,1,1,1,0,1,0
1178,0,0,1,0,0,0,1,1,0,1,1,0,1,0,0,1
1179,1,1,1,1,1,1,1,0,1,0,1,0,0,1,0,1
1180,1,1,0,1,0,0,1,0,1,1,1,1,0,1,1,1
1181,1,1,0,0,1,0,1,0,0,1,1,1,1,1,0,0
1182,0,0,1,1,1,0,1,0,0,0,0,0,1,1,1,1
1183,1,0,1,1,1,1,1,0,1,1,1,0,1,1,0,1
1184,0,1,1,1,0,1,1,1,1,1,1,0,0,0,1,1
1185,1,1,0,1,0,1,1,0,1,0,1,0,0,1,0,0
1186,0,0,1,1,1,1,0,1,0,1,1,1,1,0,1,0
1187,0,1,0,0,0,0,0,0,1,1,0,0,0,0,1,1
1188,0,1,1,1,1,1,1,1,0,1,1,1,1,1,0,0
1189,1,1,1,0,0,1,0,1,0,0,1,0,0,1,0,1
1190,1,0,1,0,0,1,1,0,1,0,1,1,0,1,1,1
1191,1,0,0,1,1,0,1,1,0,1,1,1,1,0,0,1
1192,0,1,1,1,1,1,1,0,0,1,1,1,1,0,1,0
1193,1,0,0,0,0,1,1,1,0,0,0,1,0,1,0,1
1194,0,0,1,1,0,0,1,0,0,1,1,1,1,0,1,1
1195,1,0,1,0,1,1,1,1,0,1,0,1,1,1,1,1
1196,1,1,1,1,0,0,1,0,0,1,1,1,1,0,1,0
1197,0,0,0,0,1,0,1,0,1,0,1,0,0,0,0,1
1198,1,1,0,0,1,1,0,0,1,1,1,0,0,1,0,0
1199,0,0,0,0,1,0,0,0,0,1,1,0,1,0,1,0
1200,1,0,0,0,0,0,1,0,0,0,1,1,1,1,0,1
1201,0,0,0,0,1,1,1,0,0,0,0,0,0,0,1,0
1202,0,1,0,0,1,0,1,1,0,1,1,1,1,0,1,1
1203,0,0,1,0,1,0,1,0,1,1,0,0,0,0,1,1
1204,0,0,1,0,1,1,0,0,0,1,1,0,1,1,1,0
1205,1,1,1,1,1,1,0,1,1,1,0,1,0,0,1,1
1206,1,0,0,0,0,1,0,0,0,1,0,0,1,0,0,1
1207,0,0,1,1,0,1,0,0,1,0,1,1,0,1,1,0
1208,1,0,0,0,0,0,0,0,0,1,1,0,1,0,0,0
1209,0,1,1,1,1,1,0,1,1,0,1,1,0,0,1,1
1210,1,1,0,0,1,1,1,0,1,0,1,1,1,1,1,0
1211,0,0,1,1,1,1,1,0,1,1,0,0,0,0,0,0
1212,1,1,1,1,1,0,1,1,0,0,0,0,1,0,1,1
1213,1,0,0,1,0,1,1,0,1,0,0,1,1,1,1,1
1214,1,1,1,1,0,0,1,0,0,0,1,0,0,1,1,1
1215,0,1,0,1,0,1,1,1,0,1,1,1,0,0,1,1
1216,0,1,0,1,1,1,1,1,0,1,0,0,1,1,0,1
1217,0,0,1,1,1,0,0,0,0,0,1,1,0,1,1,0
1218,0,0,1,1,1,0,0,0,1,1,1,1,1,1,1,0
1219,0,1,1,1,1,1,0,0,1,1,1,1,1,1,1,0
1220,0,0,1,0,0,0,1,1,0,0,1,1,0,1,1,0
1221,1,1,0,1,0,1,1,1,0,0,1,1,1,1,1,0
1222,0,0,1,0,0,1,1,1,0,0,0,0,1,0,0,1
1223,0,1,1,0,0,1,1,0,0,0,0,1,1,0,1,1
1224,1,0,1,1,1,1,1,1,1,1,1,0,1,1,0,0
1225,1,1,1,0,1,1,1,1,0,0,0,1,0,1,1,0
1226,1,1,1,1,1,1,1,0,1,0,1,1,0,1,1,1
1227,1,1,1,1,1,1,1,1,0,1,1,1,1,1,1,1
1228,1,1,0,0,0,0,0,1,0,1,0,1,1,1,0,0
1229,0,1,1,1,0,1,1,1,1,1,1,1,1,0,0,0
1230,1,1,1,1,1,0,0,1,1,1,1,1,1,1,1,1
1231,1,1,1,0,0,0,1,1,1,1,1,1,1,0,0,0
1232,1,1,0,1,1,0,0,1,1,1,1,0,1,1,1,0
1233,1,1,1,1,1,0,1,0,0,0,1,1,1,0,0,0
1234,0,1,0,1,1,0,1,1,1,0,0,1,1,0,0,1
1235,0,0,0,0,0,0,0,1,1,1,0,0,0,1,0,0
1236,0,0,1,1,0,1,0,0,1,0,1,0,1,1,1,0
1237,1,1,1,0,1,1,1,0,1,1,1,1,0,0,1,1
1238,0,0,1,1,1,0,0,0,1,1,0,0,0,1,1,0
1239,1,0,0,0,1,0,0,1,1,1,0,1,0,0,0,1
1240,0,1,0,0,0,0,1,1,1,1,1,0,1,1,0,0
1241,1,1,1,1,0,1,1,1,1,1,0,1,1,1,1,0
1242,0,0,1,0,1,0,1,0,1,0,1,1,1,0,1,1
1243,1,0,1,1,0,1,1,1,1,1,1,0,1,1,0,1
1244,0,0,0,1,1,1,0,1,1,0,1,1,1,1,1,1
1245,1,1,1,0,0,1,1,0,1,1,1,1,0,0,1,0
1246,1,0,1,1,1,1,0,1,0,0,0,1,1,1,1,0
1247,0,1,1,1,0,0,0,0,0,0,1,1,0,1,1,1
1248,1,1,1,1,0,1,0,1,1,1,0,0,1,1,1,0
1249,1,1,1,1,1,1,1,1,0,0,1,1,0,1,0,1
1250,0,1,0,0,1,0,1,1,0,0,1,0,0,1,1,0
1251,1,1,0,1,1,1,1,1,0,0,0,1,1,1,0,1
1252,1,0,1,1,0,0,0,0,0,1,0,1,1,1,1,1
1253,1,1,0,1,0,1,0,1,0,1,0,0,0,0,1,1
1254,0,0,1,1,0,1,0,0,1,0,1,0,1,0,1,0
1255,1,1,1,1,0,1,1,0,0,0,1,1,1,1,1,0
1256,0,1,0,0,1,1,0,0,1,1,0,1,1,1,1,1
1257,1,1,1,0,1,1,1,0,0,1,0,0,0,0,1,1
1258,1,0,1,0,1,0,0,1,1,1,1,1,1,1,1,1
1259,1,0,1,1,0,0,1,0,1,0,1,1,1,1,1,0
1260,1,1,1,1,1,1,1,1,0,1,0,0,0,0,0,1
1261,1,0,1,0,0,0,1,1,1,1,1,1,1,1,0,1
1262,1,1,1,1,0,1,1,1,1,0,1,1,0,1,0,1
1263,1,0,0,1,1,0,0,1,1,0,1,1,1,0,1,1
1264,0,0,1,1,0,1,1,0,1,0,0,0,0,0,1,1
1265,0,1,1,1,1,1,1,1,0,1,1,0,0,1,1,1
1266,0,1,1,0,1,1,1,0,1,0,0,0,1,0,1,0
1267,1,1,1,0,1,1,1,0,0,0,0,1,0,1,1,1
1268,1,1,1,0,1,1,1,1,0,0,0,1,1,0,0,0
1269,0,1,0,0,1,1,1,1,1,0,0,1,1,1,1,0
1270,1,1,0,1,1,0,1,0,0,1,0,1,0,0,1,1
1271,0,0,0,0,1,1,0,1,1,1,1,1,0,0,0,1
1272,0,1,1,1,1,1,1,0,0,1,0,0,0,1,0,1
1273,1,0,1,0,1,1,1,0,0,1,0,1,0,1,1,1
1274,1,1,0,1,1,0,0,1,1,0,1,1,1,0,1,1
1275,1,1,1,0,0,0,0,0,1,0,0,0,1,1,1,0
1276,1,0,1,1,0,0,1,0,1,0,0,1,0,1,1,0
1277,0,1,1,1,1,1,0,1,1,0,0,1,0,0,0,1
1278,0,1,1,1,0,1,0,1,1,0,0,1,1,1,1,1
1279,0,1,1,0,1,1,1,0,1,1,1,1,1,1,1,1
1280,1,0,1,0,1,0,0,1,1,0,1,1,1,1,0,0
1281,1,0,0,1,1,1,1,0,0,0,0,1,0,0,1,1
1282,1,1,1,1,1,1,1,1,0,1,1,1,1,1,1,1
1283,1,0,0,1,1,0,1,1,0,1,0,0,0,0,1,0
1284,0,1,1,0,0,0,1,0,1,1,1,0,0,1,0,0
1285,0,0,1,1,1,1,1,1,1,0,0,1,0,0,0,0
1286,0,0,0,1,1,0,1,0,1,0,1,1,0,1,1,0
1287,0,0,1,1,1,1,1,0,1,1,1,1,0,1,1,0
1288,1,0,1,1,1,0,0,0,1,0,0,1,1,0,1,0
1289,1,0,0,1,1,1,0,1,0,0,0,1,1,1,1,1
1290,1,1,1,0,1,0,1,0,1,1,1,1,0,0,1,0
1291,1,0,0,0,1,0,0,0,1,0,1,1,0,1,0,0
1292,1,1,1,0,0,0,0,0,1,1,0,1,0,1,0,1
1293,1,1,0,1,1,1,1,0,0,0,1,1,1,1,1,0
1294,1,0,1,1,0,0,0,1,0,0,0,0,1,1,0,1
1295,1,0,1,1,1,0,0,1,1,1,0,0,0,0,0,0
1296,0,0,0,1,1,1,1,1,0,1,1,0,0,1,0,1
1297,1,0,1,0,0,0,1,0,0,0,0,1,1,0,0,0
1298,1,0,1,0,0,0,0,0,0,1,1,1,1,0,1,0
1299,1,1,1,1,1,1,1,1,1,0,1,1,1,1,1,0
1300,1,1,1,1,1,0,0,1,1,1,0,1,1,1,0,1
1301,1,1,1,0,0,1,1,1,1,1,1,1,1,0,1,1
1302,1,1,1,0,0,0,0,1,1,1,1,1,1,1,1,0
1303,1,0,0,1,1,1,1,1,0,1,0,1,1,1,0,0
1304,1,1,0,1,1,1,1,1,1,1,1,1,1,0,1,0
1305,1,1,1,1,1,1,1,0,1,0,1,0,1,0,0,1
1306,1,0,1,1,0,0,1,1,0,0,1,1,1,1,0,1
1307,0,0,1,0,1,1,1,1,1,1,1,1,1,0,1,0
1308,1,1,1,1,0,1,0,0,0,0,0,0,0,1,0,0
1309,0,1,0,1,1,1,1,1,1,1,1,0,1,1,1,1
1310,0,1,1,0,1,1,1,1,1,1,0,1,0,1,1,1
1311,1,1,1,0,1,1,1,0,1,0,1,1,1,0,1,0
1312,1,1,1,1,0,1,1,0,0,0,1,0,1,1,1,0
1313,0,1,1,1,0,1,0,1,1,0,0,1,1,1,0,1
1314,1,0,1,0,1,0,1,1,1,1,1,0,1,1,1,0
1315,0,0,1,1,1,1,1,0,0,1,0,0,1,1,0,1
1316,1,0,0,1,0,1,1,1,1,1,1,1,0,1,1,1
1317,1,1,1,1,0,1,1,1,1,0,1,1,0,0,1,0
1318,1,1,1,1,1,1,1,1,1,1,1,1,1,1,1,1
1319,0,0,0,0,1,1,1,0,0,0,0,0,1,1,1,1
1320,0,0,1,0,1,1,0,1,1,0,0,0,1,0,0,0
1321,1,1,0,0,1,1,1,0,0,0,1,0,0,0,0,1
1322,1,1,1,1,1,1,1,1,0,0,1,1,0,1,1,1
1323,1,0,1,0,0,1,1,0,0,1,0,1,0,0,1,1
1324,1,0,1,1,1,1,1,0,0,0,1,1,1,1,0,1
1325,1,1,1,0,1,0,1,1,1,0,0,0,1,0,1,1
1326,0,1,0,1,0,1,1,1,0,1,1,0,0,0,1,1
1327,1,0,1,0,0,0,0,1,0,1,0,1,1,0,0,0
1328,1,1,1,0,1,1,1,1,0,0,0,0,0,1,0,0
1329,1,1,1,1,0,1,0,0,1,0,1,1,0,1,0,1
1330,0,1,0,1,0,1,0,0,0,1,0,0,1,1,1,0
1331,1,1,1,1,1,1,0,0,1,1,0,1,1,0,0,1
1332,1,1,0,1,1,0,1,0,0,1,1,1,1,1,1,0
1333,0,1,0,1,0,0,1,0,1,0,0,0,1,1,0,1
1334,0,1,1,0,0,0,0,0,0,0,0,1,0,1,1,0
1335,0,1,0,1,0,1,1,0,1,1,1,0,1,0,0,0
1336,0,0,0,1,0,0,0,0,1,1,0,0,1,1,0,0
1337,1,1,0,0,0,1,0,1,1,1,1,1,0,0,1,1
1338,1,0,0,0,1,0,0,0,0,0,0,1,1,0,1,0
1339,1,1,1,1,1,1,1,0,0,0,0,0,0,1,0,0
1340,0,0,1,0,1,1,0,0,1,1,0,0,1,0,1,0
1341,0,1,0,0,0,1,1,0,0,0,0,0,1,0,1,0
1342,1,0,1,1,0,1,0,1,0,1,1,1,1,0,0,1
1343,0,0,1,1,0,0,0,1,1,0,1,1,0,0,1,0
1344,1,1,1,1,1,1,1,0,1,0,1,0,1,1,1,1
1345,1,1,1,1,1,1,1,0,1,1,0,0,1,0,0,1
1346,1,0,0,1,0,1,1,0,0,1,1,1,0,1,1,0
1347,0,0,1,0,1,1,0,0,1,1,1,0,0,0,1,0
1348,1,1,0,0,1,0,1,1,1,1,0,0,0,0,0,1
1349,1,0,0,0,0,1,1,1,1,1,1,1,1,0,0,0
1350,1,1,1,0,1,0,0,1,1,1,1,1,1,1,1,0
1351,1,1,1,0,0,1,1,1,1,0,1,1,1,1,1,1
1352,1,1,1,1,0,1,0,1,0,0,0,1,0,0,1,1
1353,0,1,1,1,1,1,1,1,0,0,1,1,0,1,1,1
1354,0,1,0,1,1,1,0,1,0,0,1,1,0,0,1,1
1355,1,1,0,1,1,1,1,1,1,1,1,1,1,1,1,0
1356,1,1,1,1,1,0,1,1,0,1,1,1,1,0,1,1
1357,1,0,1,0,0,1,0,0,0,0,1,1,1,0,0,0
1358,0,0,1,0,0,1,1,1,0,1,1,1,0,1,1,1
1359,0,1,1,1,1,0,1,1,1,1,1,1,1,0,0,1
1360,1,0,1,0,0,1,0,1,1,0,1,0,1,1,1,1
1361,1,1,0,1,1,0,1,0,1,0,1,1,1,1,1,0
1362,0,0,1,0,1,1,0,0,0,1,0,1,0,1,0,0
1363,0,1,1,1,1,1,0,0,0,0,0,0,1,1,1,1
1364,1,1,0,1,0,0,1,0,1,1,1,0,0,1,0,1
1365,1,1,1,1,1,1,0,1,0,1,1,0,1,0,0,1
1366,1,0,0,1,0,0,1,0,0,1,0,1,1,0,1,0
1367,1,1,1,1,0,1,1,1,0,1,0,1,0,0,1,1
1368,1,1,0,1,0,0,0,1,0,1,0,0,0,0,0,1
1369,0,0,0,1,1,0,0,0,1,0,0,1,0,0,0,1
1370,0,1,1,0,0,1,0,1,0,1,1,0,1,1,1,0
1371,1,1,1,1,1,1,1,0,1,0,1,0,0,1,1,1
1372,1,1,1,1,1,0,1,1,0,1,0,1,0,0,0,0
1373,1,1,1,1,0,0,1,0,0,1,1,0,1,1,0,1
1374,1,0,1,0,1,0,1,1,0,1,1,0,0,0,0,0
1375,1,1,0,0,0,0,1,0,1,0,0,1,0,1,1,1
1376,0,1,0,1,1,1,1,1,1,1,0,1,1,1,1,0
1377,1,1,1,0,1,1,0,1,1,1,1,1,0,1,1,1
1378,1,1,1,1,1,0,1,0,1,0,0,0,1,1,1,1
1379,1,0,0,1,0,1,1,1,0,0,1,0,0,1,1,1
1380,1,0,0,0,0,0,1,0,0,1,0,1,0,1,0,1
1381,1,1,1,1,1,1,0,1,1,1,0,1,1,1,0,0
1382,0,0,1,0,1,1,1,1,1,1,1,0,0,0,1,1
1383,1,0,0,0,0,0,1,0,1,1,0,0,1,1,0,1
1384,1,0,1,1,1,1,0,0,0,1,0,1,1,1,0,0
1385,1,1,1,0,0,0,1,0,1,1,0,0,0,0,0,0
1386,1,0,1,0,1,1,1,1,1,1,1,0,1,0,0,0
1387,0,1,0,0,0,0,0,0,0,1,1,0,1,1,1,1
1388,1,1,0,1,0,1,1,0,1,1,1,0,1,0,1,1
1389,1,1,1,1,0,0,0,1,0,1,0,1,0,1,0,1
1390,0,1,0,0,1,1,0,1,1,1,1,1,1,1,1,1
1391,1,0,0,0,0,0,0,1,1,0,1,0,1,1,1,1
1392,0,1,1,1,0,0,1,1,1,1,1,1,0,1,0,1
1393,0,1,1,0,1,1,0,0,0,1,1,0,0,0,1,1
1394,0,0,1,0,1,1,1,0,0,0,1,0,0,1,1,1
1395,0,0,0,0,1,0,0,1,0,1,0,1,0,1,1,1
1396,1,0,0,1,1,0,1,0,0,1,0,0,1,1,0,1
1397,1,1,0,0,1,1,1,0,0,1,1,1,1,1,1,1
1398,0,0,1,1,1,1,1,1,1,1,1,0,1,1,0,0
1399,1,0,1,1,0,0,1,1,1,0,1,1,1,0,1,0
1400,0,1,0,1,0,1,1,0,0,1,0,1,0,0,0,1
1401,0,0,0,0,1,0,0,0,0,0,1,0,0,1,1,1
1402,1,0,0,1,1,0,1,0,0,1,1,0,0,1,0,0
1403,0,0,0,0,1,1,1,0,0,0,1,0,1,0,0,0
1404,1,0,0,0,0,1,0,0,0,1,0,1,1,1,0,1
1405,0,1,1,1,1,1,0,0,0,1,0,0,1,1,1,1
1406,1,1,1,0,1,1,0,1,0,1,1,0,1,0,1,1
1407,1,0,0,1,0,1,1,1,1,1,1,0,1,1,0,1
1408,0,1,0,1,1,0,1,1,1,0,1,1,1,1,1,1
1409,0,1,0,0,1,0,1,1,1,0,1,1,1,0,1,1
1410,1,0,1,1,1,0,0,1,0,1,1,0,0,1,1,1
1411,0,1,1,1,1,0,1,1,0,1,1,1,1,1,0,0
1412,0,0,1,1,0,1,1,1,1,1,1,0,1,1,1,1
1413,1,1,1,1,1,1,0,1,1,1,0,1,0,1,1,1
1414,0,0,1,1,0,0,1,0,0,1,0,1,1,1,0,1
1415,1,1,1,0,0,0,1,1,1,0,1,1,1,0,1,1
1416,0,0,1,0,1,0,0,0,1,0,0,0,1,0,1,1
1417,1,0,0,1,0,0,0,1,0,1,0,1,0,1,1,1
1418,1,1,1,0,1,0,0,1,1,1,1,1,1,0,1,1
1419,1,1,0,1,0,0,1,1,1,1,1,0,1,1,1,1
1420,0,1,1,1,1,1,1,1,1,1,1,1,1,0,0,1
1421,1,0,0,0,0,1,0,0,0,0,0,0,1,1,0,0
1422,1,0,1,1,0,1,0,1,1,1,1,1,1,1,1,1
1423,1,1,1,1,1,0,0,0,0,1,0,1,1,1,0,1
1424,1,0,0,0,1,1,0,1,1,1,0,0,0,1,1,0
1425,0,1,0,1,0,1,0,0,1,1,1,1,0,1,1,0
1426,1,1,1,0,1,1,1,1,1,1,0,1,1,1,0,1
1427,1,0,0,0,0,0,0,0,1,1,1,1,1,0,1,0
1428,1,1,0,1,0,0,1,1,1,1,1,1,1,1,0,0
1429,1,1,0,0,1,0,0,0,0,1,1,0,0,1,0,1
1430,1,1,1,1,0,1,1,1,1,0,0,1,1,0,1,1
1431,0,1,0,1,0,0,1,1,1,1,1,0,1,0,1,1
1432,1,0,0,0,0,1,1,1,1,1,1,1,1,1,0,1
1433,0,1,1,1,1,1,1,1,1,1,0,0,1,1,1,0
1434,1,0,1,1,0,1,1,0,0,1,1,0,0,0,1,0
1435,1,0,0,1,0,0,1,0,1,0,0,1,1,1,1,1
1436,1,0,1,1,1,1,1,0,1,1,1,0,0,1,0,1
1437,0,0,0,1,1,1,1,1,0,0,0,0,1,0,1,1
1438,1,0,1,1,1,0,0,0,0,0,1,0,1,0,0,0
1439,0,1,0,1,1,1,1,0,1,0,1,0,1,0,0,0
1440,1,1,0,0,0,1,1,0,0,1,0,1,1,1,0,1
1441,1,0,1,0,0,1,0,1,1,1,0,1,0,1,0,0
1442,1,1,0,0,1,0,1,1,1,0,0,1,0,1,1,0
1443,0,1,0,1,1,1,1,1,1,1,0,1,1,0,1,1
1444,1,0,0,0,1,0,0,0,1,1,1,0,1,0,0,0
1445,1,1,0,1,1,0,1,0,1,1,1,1,0,1,1,1
1446,1,0,0,0,0,0,1,1,1,0,1,0,0,0,1,0
1447,0,0,1,1,1,1,1,1,1,0,0,1,0,0,1,1
1448,1,1,1,0,1,0,1,1,0,0,1,1,1,0,1,0
1449,0,1,0,0,0,1,0,1,0,0,1,1,0,0,1,1
1450,0,1,0,0,1,0,0,0,0,0,0,1,1,0,1,0
1451,1,1,1,1,0,1,1,0,1,1,0,1,0,0,0,0
1452,1,0,0,1,1,1,1,1,1,0,0,0,0,1,1,0
1453,0,1,0,0,0,1,1,1,0,1,1,1,0,1,1,1
1454,1,1,0,0,0,1,1,1,1,1,0,1,1,1,1,1
1455,1,0,1,1,1,0,1,1,1,0,0,0,1,1,0,0
1456,1,1,1,0,1,0,1,0,1,1,0,1,1,1,1,0
1457,1,1,1,1,1,0,0,0,0,0,1,1,0,0,0,0
1458,1,0,1,1,1,1,0,1,1,0,0,0,0,0,1,0
1459,0,0,1,1,1,1,1,1,1,1,1,0,0,1,0,0
1460,1,0,0,1,1,0,1,0,1,0,1,1,0,1,1,1
1461,1,0,1,0,1,1,0,1,0,1,0,0,1,1,1,0
1462,1,1,0,0,0,0,1,0,1,0,1,0,1,1,0,1
1463,0,1,1,1,0,1,1,0,1,1,1,1,1,1,1,1
1464,1,0,0,0,1,0,1,1,1,1,0,1,1,1,1,1
1465,1,1,0,1,1,0,1,1,1,1,0,1,0,1,1,1
1466,1,1,0,0,0,0,1,1,1,0,0,0,1,1,0,0
1467,1,0,1,1,1,1,1,1,1,0,1,1,0,1,0,1
1468,0,0,1,1,1,1,1,0,0,0,0,1,1,1,1,1
1469,1,1,0,1,1,0,0,1,0,1,1,0,0,1,0,1
1470,1,1,1,0,1,0,1,0,0,0,1,1,1,0,1,0
1471,0,0,1,1,0,1,1,1,0,0,0,1,0,1,1,1
1472,0,1,1,1,1,1,1,1,0,1,0,0,0,0,1,0
1473,1,0,0,0,1,1,1,1,1,1,0,1,0,1,0,0
1474,0,1,0,0,0,0,1,0,0,1,0,1,1,1,1,0
1475,1,1,1,1,1,1,1,0,1,0,0,0,0,1,1,1
1476,1,1,1,1,1,1,1,1,1,0,1,1,1,1,0,1
1477,0,0,0,0,1,1,1,0,1,1,0,1,1,1,1,1
1478,1,0,1,0,1,0,1,0,1,0,0,1,0,0,1,1
1479,0,1,0,1,1,0,0,0,0,0,0,1,1,0,1,1
1480,0,1,1,0,0,0,0,0,1,1,0,1,0,1,1,1
1481,1,1,1,1,1,1,0,1,0,1,1,1,1,1,1,1
1482,0,0,0,0,0,1,1,0,1,1,0,0,0,1,0,1
1483,1,1,1,1,0,0,1,1,0,1,1,0,1,1,0,0
1484,1,1,0,0,1,0,1,1,0,1,0,1,0,1,1,1
1485,0,0,1,1,1,1,1,0,0,0,1,1,0,1,0,1
1486,0,0,0,0,0,1,1,0,0,0,1,1,1,0,1,0
1487,1,1,1,0,0,1,0,1,0,1,0,0,0,1,1,1
1488,1,1,0,1,1,1,1,0,0,1,1,1,0,1,1,1
1489,0,0,0,0,1,1,0,1,1,1,0,1,0,0,1,0
1490,1,0,0,1,0,1,0,1,0,0,0,0,1,0,1,1
1491,1,1,1,1,1,1,1,1,1,0,0,1,1,0,1,1
1492,1,1,1,0,0,0,1,0,1,1,1,1,1,1,0,1
1493,0,0,0,0,1,1,1,1,0,1,0,1,1,1,1,0
1494,0,0,1,1,1,1,1,1,1,1,1,0,0,0,1,1
1495,0,1,0,1,0,0,0,1,1,0,1,1,1,1,0,1
1496,1,1,1,0,0,0,1,1,1,1,1,0,1,1,1,0
1497,0,1,0,0,1,1,0,1,0,0,0,1,1,1,0,0
1498,0,0,1,0,1,1,1,1,1,0,0,1,1,0,0,1
1499,1,1,1,1,1,1,1,1,0,1,1,1,0,1,1,0
1500,1,1,1,1,0,1,0,1,1,0,1,0,1,1,1,1
1501,1,1,0,1,0,1,1,0,1,1,1,0,1,1,0,1
1502,0,1,0,0,1,0,1,0,0,1,1,1,1,1,1,0
1503,1,1,0,1,1,1,0,1,1,1,1,0,0,1,1,0
1504,0,1,1,1,1,1,1,1,1,1,1,0,1,0,0,1
1505,0,0,1,0,1,1,1,1,1,1,0,1,1,1,1,1
1506,0,1,1,0,1,0,1,1,1,1,1,1,0,0,0,1
1507,0,0,1,1,1,1,1,1,1,1,1,1,0,0,1,1
1508,1,1,0,0,1,1,0,1,1,1,0,0,1,1,1,1
1509,1,0,0,0,1,1,0,1,1,1,1,1,0,1,0,0
1510,0,1,1,1,1,0,1,1,1,0,1,1,1,1,0,0
1511,1,1,0,0,1,0,1,1,1,0,1,1,1,0,0,0
1512,1,1,0,1,0,0,1,1,1,1,0,1,1,0,1,1
1513,0,0,0,1,0,1,1,0,0,1,0,1,1,0,1,0
1514,0,1,1,1,1,0,0,1,0,1,1,1,1,0,1,1
1515,0,1,1,0,0,1,1,1,1,0,1,1,0,1,0,0
1516,0,0,0,1,1,0,1,0,1,1,1,0,1,1,0,1
1517,1,1,1,1,0,1,0,1,1,0,1,1,1,1,1,1
1518,0,1,1,1,1,1,0,0,1,0,1,0,1,0,1,0
1519,1,1,1,0,1,0,0,1,1,1,0,1,0,1,1,1
1520,0,0,1,0,1,1,0,0,0,1,0,1,1,0,1,0
1521,0,0,0,1,0,1,0,1,1,0,0,1,1,1,1,0
1522,0,0,1,1,1,0,0,1,1,0,0,0,1,0,1,1
1523,0,1,0,0,0,1,1,1,0,0,0,0,1,1,1,1
1524,1,0,1,1,1,1,1,1,1,1,0,0,0,1,0,1
1525,1,1,1,0,0,0,1,1,1,1,0,1,1,1,0,1
1526,0,1,1,1,1,1,1,0,1,1,1,1,1,1,1,1
1527,0,1,0,1,1,1,0,1,0,0,1,0,1,1,1,0
1528,0,1,1,1,0,1,1,1,0,0,0,0,0,1,1,0
1529,1,1,0,1,1,1,1,1,0,1,1,0,0,1,0,1
1530,1,0,0,1,1,1,1,1,0,0,1,1,0,1,1,1
1531,1,0,1,1,1,1,1,1,1,0,1,1,1,1,1,0
1532,1,1,0,0,1,1,0,1,1,1,1,1,1,0,1,1
1533,1,1,0,1,1,1,1,0,1,0,1,1,0,0,1,1
1534,1,1,1,1,1,1,0,1,1,1,1,0,1,1,1,0
1535,1,1,1,1,0,0,0,0,0,1,0,1,0,1,1,1
1536,1,1,1,0,0,0,1,1,1,1,1,1,1,1,0,1
1537,1,0,0,0,1,1,1,1,0,1,0,0,1,1,0,1
1538,0,1,0,0,0,0,0,0,1,0,0,0,1,0,0,0
1539,0,1,1,0,0,0,1,0,0,1,0,1,0,0,1,1
1540,1,1,0,1,1,1,1,1,1,1,1,0,1,0,1,1
1541,0,0,0,1,0,0,1,1,1,0,1,1,0,1,0,1
1542,1,1,0,0,1,0,1,0,1,0,1,0,0,1,0,0
1543,0,0,0,0,1,0,0,0,0,0,0,0,1,1,1,1
1544,1,1,1,1,1,1,0,1,1,0,0,1,1,1,0,1
1545,1,1,0,0,0,0,0,1,0,1,0,0,0,0,0,0
1546,0,1,1,1,0,0,0,1,0,0,1,0,1,1,1,0
1547,0,1,1,1,1,1,1,1,1,1,1,1,1,1,1,1
1548,0,0,0,0,1,0,1,0,1,1,0,0,1,1,0,1
1549,0,1,0,0,1,1,1,1,0,1,1,0,1,0,1,1
1550,0,1,1,0,0,0,1,1,1,0,0,0,1,0,0,1
1551,1,1,1,1,1,0,0,0,1,0,1,1,1,1,1,1
1552,1,1,1,0,1,0,0,1,1,1,1,0,1,1,0,1
1553,1,1,1,1,0,0,1,0,1,1,1,1,1,1,0,0
1554,1,0,1,1,1,1,1,1,1,1,1,1,0,0,1,0
1555,0,1,1,0,1,1,0,1,1,0,1,1,1,1,0,1
1556,0,0,1,1,0,0,0,1,1,0,0,0,1,0,1,0
1557,0,1,1,0,1,1,1,0,1,0,1,0,1,1,0,1
1558,0,0,1,1,0,1,0,0,0,0,1,0,0,1,0,1
1559,1,1,1,0,0,0,1,0,0,0,1,0,1,0,0,0
1560,1,0,1,0,0,1,1,0,0,1,1,0,1,0,1,1
1561,1,0,0,0,0,1,1,1,0,1,1,1,0,1,0,1
1562,0,1,1,1,1,0,0,0,1,0,1,1,1,0,1,1
1563,0,1,0,1,1,1,0,1,1,1,1,0,0,0,0,1
1564,0,1,1,0,1,0,0,0,0,0,0,1,0,0,1,0
1565,1,1,0,0,0,1,0,0,0,0,1,1,0,1,0,1
1566,1,0,1,0,1,1,0,1,0,1,1,1,1,1,1,1
1567,0,1,0,1,0,1,0,0,0,1,1,1,1,1,1,1
1568,1,0,0,0,0,0,1,0,1,0,1,1,1,1,1,1
1569,0,1,0,0,0,1,1,0,0,0,0,0,0,0,0,1
1570,1,0,0,0,1,1,1,0,0,0,1,0,0,1,1,0
1571,1,0,0,1,0,0,1,1,0,1,0,1,1,1,0,0
1572,0,0,0,0,0,0,0,1,1,0,0,0,0,1,1,0
1573,0,1,0,0,1,0,1,1,0,1,0,1,1,0,0,1
1574,0,0,0,0,1,0,0,1,0,0,1,0,1,1,1,0
1575,1,1,1,1,0,0,0,0,1,1,0,1,0,1,0,0
1576,1,1,1,1,0,1,0,0,0,1,1,0,1,0,1,1
1577,1,1,0,0,0,1,1,0,0,1,1,1,1,0,1,1
1578,1,0,0,0,1,1,1,1,1,1,1,1,1,1,1,1
1579,0,1,1,1,1,1,1,1,0,1,1,1,1,1,1,1
1580,1,1,1,1,1,1,1,1,0,0,0,1,0,1,1,1
1581,0,1,0,0,1,0,1,1,0,0,0,1,1,1,1,0
1582,1,1,1,1,1,0,1,0,1,1,0,1,1,1,1,0
1583,1,0,0,1,1,0,1,0,0,1,1,1,1,0,1,0
1584,0,1,0,0,1,1,0,1,1,1,1,1,0,1,1,1
1585,1,1,1,1,1,0,1,0,0,1,1,0,1,1,1,1
1586,0,0,1,0,0,1,1,1,1,1,1,0,1,1,0,1
1587,0,1,0,0,1,0,1,0,0,1,1,1,0,0,0,1
1588,1,1,0,1,1,1,1,1,1,0,0,1,1,0,1,1
1589,0,1,1,1,0,1,1,1,1,0,0,0,1,0,0,0
1590,1,1,0,1,1,0,1,1,0,1,0,0,1,0,1,0
1591,0,1,1,1,0,0,1,1,0,1,0,1,0,1,1,0
1592,0,1,0,0,0,0,0,1,1,1,0,1,1,1,1,1
1593,0,1,0,1,1,1,1,1,1,0,1,1,0,1,1,1
1594,0,1,0,1,0,0,0,0,1,0,1,0,1,1,1,0
1595,0,1,1,0,1,0,1,0,0,1,1,1,1,1,0,0
1596,1,1,0,1,1,1,1,1,1,0,1,1,1,0,1,1
1597,1,0,1,0,1,0,1,1,1,1,1,1,1,1,1,1
1598,0,1,1,1,1,0,0,0,0,1,0,1,1,1,0,0
1599,0,1,1,0,0,0,1,0,0,1,0,1,0,0,0,1
1600,0,0,0,0,1,1,0,1,1,0,0,0,0,1,1,0
1601,1,0,0,1,0,1,1,1,1,1,1,1,1,1,1,0
1602,0,1,0,0,0,1,1,1,1,0,0,1,1,0,0,0
1603,0,1,0,0,1,0,0,0,0,1,1,0,0,1,1,0
1604,0,0,1,1,0,1,0,0,1,0,0,1,0,0,1,1
1605,1,0,1,0,1,1,1,0,0,1,0,1,1,0,0,1
1606,1,0,1,1,1,1,0,0,1,0,1,1,0,1,1,0
1607,1,0,0,0,0,0,0,1,0,1,1,1,0,0,1,1
1608,0,0,0,0,0,1,1,1,1,1,0,0,0,0,1,1
1609,1,1,1,0,0,1,1,0,1,0,1,1,1,1,0,1
1610,1,1,1,1,0,1,0,1,0,1,0,1,1,0,0,0
1611,0,1,0,1,0,1,1,1,0,1,0,0,1,1,1,0
1612,0,1,1,0,1,0,1,1,1,1,0,0,1,0,0,1
1613,1,0,1,0,0,1,1,0,0,1,1,0,0,1,1,0
1614,1,0,0,0,1,1,0,0,1,1,0,1,1,1,0,1
1615,1,1,1,0,1,1,1,1,0,0,1,1,0,0,1,0
1616,1,1,1,1,0,1,1,0,0,1,1,1,1,1,0,1
1617,0,1,0,1,1,0,0,0,0,0,0,1,0,0,1,1
1618,1,1,0,0,1,1,1,1,1,1,1,1,1,0,1,0
1619,1,0,1,1,1,0,1,0,1,1,1,1,1,1,0,1
1620,1,1,0,0,1,1,1,1,1,1,1,1,1,1,1,1
1621,1,1,1,0,1,1,1,0,1,0,1,0,1,1,0,1
1622,1,1,0,1,0,0,1,1,0,0,0,1,1,1,0,1
1623,1,0,0,0,0,1,1,1,0,1,0,1,1,1,0,1
1624,1,0,0,1,1,1,1,1,0,0,1,1,0,0,1,1
1625,1,1,1,0,0,1,0,0,0,0,1,1,1,1,1,0
1626,1,0,1,1,0,0,0,0,0,0,0,1,0,0,1,1
1627,0,0,0,1,1,0,0,1,0,1,1,1,1,0,1,0
1628,0,1,0,0,0,1,0,0,0,1,1,0,0,1,1,1
1629,0,1,1,1,1,1,0,1,0,1,0,1,1,1,0,1
1630,1,1,0,0,1,1,0,0,0,0,0,1,1,1,0,0
1631,0,1,1,0,1,1,1,1,1,0,1,1,1,1,1,0
1632,1,0,1,1,0,1,1,1,1,0,1,0,0,1,1,1
1633,1,1,0,1,1,1,0,0,1,0,1,1,0,1,1,0
1634,1,1,1,0,0,0,0,1,0,1,1,1,0,0,1,1
1635,1,1,1,1,1,0,1,1,0,1,1,1,1,0,1,0
1636,1,1,0,0,1,1,0,1,1,0,1,1,1,1,1,1
1637,1,1,1,1,1,0,0,0,1,1,1,1,0,1,1,1
1638,1,1,0,1,0,0,1,0,0,0,0,0,0,1,0,1
1639,1,1,0,1,0,1,1,1,0,1,1,0,1,1,0,1
1640,1,1,1,0,1,1,1,1,1,1,0,0,1,1,1,1
1641,1,0,1,0,0,1,0,1,0,1,1,1,0,1,1,0
1642,0,1,0,0,0,0,0,1,0,1,0,1,1,0,0,0
1643,1,0,1,1,0,1,1,0,1,1,0,1,0,0,0,1
1644,0,0,0,0,1,0,1,0,1,1,0,0,1,0,1,1
1645,0,0,0,1,1,0,0,1,0,0,1,1,0,1,1,1
1646,1,0,1,1,1,0,0,0,0,1,1,1,0,1,1,1
1647,0,1,1,1,1,0,0,0,1,1,1,1,1,0,1,1
1648,1,1,0,0,1,1,1,0,1,1,0,1,1,0,1,1
1649,1,1,0,0,0,1,1,1,1,0,1,0,1,0,1,1
1650,1,0,1,1,1,1,1,0,1,0,1,1,1,1,1,0
1651,0,1,1,1,1,0,1,1,0,1,0,1,0,1,1,1
1652,0,1,1,1,1,1,1,0,0,1,0,0,1,0,1,0
1653,0,1,1,1,1,0,1,0,0,0,1,1,0,1,0,0
1654,0,1,1,0,0,0,0,0,1,0,1,0,0,1,1,0
1655,1,0,0,0,0,1,0,1,0,1,0,1,1,1,0,0
1656,1,0,1,1,0,0,0,0,0,1,0,1,1,0,1,0
1657,1,1,1,1,1,0,1,1,0,1,1,1,1,0,1,1
1658,0,0,1,0,1,1,0,1,1,0,1,1,1,0,1,1
1659,1,1,1,0,0,0,1,1,1,1,1,1,1,0,0,1
1660,1,0,1,1,1,1,1,0,0,1,1,0,1,1,1,1
1661,1,0,0,1,0,0,0,0,1,1,1,1,0,0,1,1
1662,1,1,1,1,1,1,0,1,1,1,1,1,1,0,1,1
1663,1,0,1,1,1,1,1,1,1,1,1,0,1,1,0,1
1664,1,0,1,1,0,1,0,0,1,0,0,1,1,1,0,1
1665,1,1,1,0,1,0,0,0,1,0,0,1,1,1,0,0
1666,1,0,1,0,0,1,1,0,1,0,0,0,1,0,0,0
1667,1,0,1,0,1,0,1,0,0,1,1,0,1,0,1,1
1668,1,0,1,0,1,0,0,1,1,1,0,1,0,1,0,1
1669,1,0,0,0,1,1,0,0,0,1,1,0,1,1,1,1
1670,1,1,1,0,0,1,1,0,1,1,0,1,1,1,1,1
1671,0,0,0,0,1,0,1,0,1,1,1,0,1,1,1,0
1672,1,1,0,1,0,1,1,1,0,0,1,1,0,1,1,0
1673,1,1,1,1,1,0,0,0,1,0,1,0,0,1,0,1
1674,0,1,0,0,0,1,0,1,1,0,1,1,1,1,1,1
1675,0,1,0,1,0,0,1,0,1,0,1,1,0,0,0,1
1676,0,1,1,0,1,0,1,1,1,1,0,0,1,1,1,1
1677,0,0,1,1,1,1,1,0,1,0,0,1,1,0,1,0
1678,1,0,0,0,1,0,1,1,1,0,1,1,1,0,1,1
1679,0,0,1,1,1,1,1,1,1,0,1,0,1,1,0,1
1680,0,1,1,0,0,0,0,0,1,1,0,1,0,1,0,0
1681,1,1,0,1,1,1,1,1,1,0,1,1,1,1,1,1
1682,1,0,0,1,1,1,1,0,1,1,1,0,0,1,0,1
1683,1,0,1,0,1,1,1,1,1,1,1,1,1,1,1,0
1684,0,1,0,1,0,1,0,1,1,0,1,0,1,0,0,1
1685,1,0,0,1,1,1,0,1,0,0,1,0,1,0,1,1
1686,0,0,1,1,0,1,0,1,0,1,1,0,0,1,1,0
1687,1,1,1,1,1,0,0,1,1,0,1,1,0,0,1,0
1688,0,0,1,0,1,1,0,1,0,0,0,0,0,0,1,0
1689,1,0,0,0,0,0,0,1,1,1,0,1,0,1,0,1
1690,1,1,1,0,1,0,0,0,1,0,1,1,1,1,1,0
1691,1,0,0,0,0,1,0,0,1,0,1,1,1,1,1,1
1692,1,0,1,1,0,1,1,1,1,1,0,0,1,1,0,0
1693,1,1,0,1,1,1,1,1,1,1,1,1,1,1,1,0
1694,1,1,1,0,0,1,0,1,1,1,1,1,1,1,1,0
1695,1,1,1,0,1,0,0,1,1,0,1,0,1,1,1,1
1696,1,1,1,1,1,1,1,1,1,0,1,1,1,0,1,0
1697,1,0,0,1,0,0,0,1,1,1,0,1,1,0,0,1
1698,0,0,1,0,0,1,0,1,1,1,0,0,0,1,1,1
1699,1,1,0,1,0,1,0,1,0,0,0,1,1,1,1,1
1700,1,0,0,1,1,0,1,1,1,1,0,1,1,0,0,0
1701,1,0,1,1,1,1,0,0,1,1,1,1,1,1,0,1
1702,0,0,1,1,1,1,1,1,1,1,1,1,1,0,0,1
1703,1,1,1,0,1,1,1,0,1,1,1,1,1,1,1,1
1704,0,0,0,1,1,1,1,1,1,1,0,1,1,0,1,1
1705,1,0,0,1,0,1,1,0,1,1,1,1,1,1,1,1
1706,1,1,0,1,1,1,1,1,0,1,1,1,1,1,0,1
1707,1,0,1,0,0,0,0,0,1,0,0,1,0,1,0,1
1708,1,0,0,1,0,1,1,1,1,1,0,0,1,1,1,1
1709,1,1,0,1,1,0,1,0,0,1,1,0,0,1,0,0
1710,0,0,0,1,0,0,1,0,1,1,0,1,0,0,1,0
1711,0,1,0,0,0,1,1,0,1,0,0,0,0,0,1,0
1712,1,1,1,0,0,0,0,1,0,0,1,0,0,0,0,0
1713,1,1,1,0,1,1,1,1,0,1,0,1,1,1,0,0
1714,1,0,1,1,0,1,0,0,0,0,1,0,1,1,0,0
1715,1,0,1,1,1,1,0,0,1,1,0,1,0,0,0,1
1716,1,1,0,1,0,1,0,1,1,1,1,0,0,1,1,1
1717,1,1,0,0,1,0,0,1,1,0,0,1,0,0,0,1
1718,1,0,1,0,1,1,0,1,1,0,0,1,1,0,1,0
1719,1,1,1,1,1,1,1,1,0,1,0,1,1,0,1,1
1720,1,0,0,0,1,1,1,1,0,0,0,1,1,1,0,0
1721,0,1,1,0,0,0,1,1,1,0,0,0,1,0,1,1
1722,1,1,0,1,1,0,0,0,1,0,0,1,0,0,1,0
1723,0,0,0,0,0,0,0,1,1,0,0,0,0,1,1,1
1724,1,0,1,1,1,1,0,1,0,1,0,0,0,0,0,0
1725,0,1,1,1,1,1,0,1,0,1,1,1,0,1,1,1
1726,1,1,1,0,1,1,0,0,0,0,1,1,1,0,1,1
1727,1,0,0,1,1,1,0,1,1,0,1,0,0,1,0,1
1728,1,0,0,1,0,1,0,0,0,1,0,0,0,1,1,1
1729,0,1,1,0,1,1,0,1,1,1,1,0,1,0,0,1
1730,0,0,1,1,0,1,0,0,0,0,1,0,0,1,1,1
1731,0,1,0,0,1,0,1,1,1,1,1,1,1,1,1,1
1732,1,0,1,1,0,1,1,0,1,0,1,1,1,1,1,1
1733,1,1,1,0,0,0,0,0,1,1,0,1,0,0,1,1
1734,0,0,1,0,0,0,0,0,0,1,1,0,1,0,1,1
1735,1,0,1,0,1,1,1,1,1,1,1,0,1,1,0,0
1736,1,1,0,1,1,1,0,1,0,1,1,1,0,1,0,0
1737,1,0,1,1,1,0,1,1,1,1,0,1,1,1,0,1
1738,1,1,1,0,1,0,0,0,1,0,0,1,0,1,0,0
1739,1,1,1,0,1,1,1,1,1,1,0,0,0,1,0,1
1740,1,1,1,0,1,1,0,1,1,0,1,0,1,1,0,0
1741,1,1,1,1,1,1,1,0,0,0,1,0,0,0,0,1
1742,1,1,0,0,1,1,1,0,0,1,0,1,0,0,0,0
1743,0,0,1,1,0,0,0,0,0,1,1,0,1,1,1,1
1744,0,1,1,0,0,1,1,1,1,1,1,1,1,1,0,0
1745,0,0,1,0,1,1,0,0,1,1,1,0,1,1,0,0
1746,1,0,0,1,1,1,1,1,1,1,1,0,0,1,0,0
1747,1,1,1,0,0,0,0,1,0,0,0,1,0,0,0,0
1748,1,1,0,1,0,1,0,1,0,1,0,0,0,1,1,0
1749,0,0,0,1,1,0,1,1,1,0,1,1,0,1,1,0
1750,0,0,1,1,1,0,1,1,1,0,1,1,0,1,0,1
1751,0,1,1,0,1,1,1,0,0,1,1,0,1,1,1,1
1752,1,1,0,1,1,0,1,0,1,0,1,0,1,0,0,1
1753,0,0,1,1,1,1,0,0,0,1,0,1,0,1,0,1
1754,1,1,1,0,1,1,1,1,1,0,0,0,0,0,0,1
1755,0,0,1,1,1,1,1,0,1,1,0,0,1,0,1,0
1756,1,0,1,1,1,1,1,0,0,0,1,0,0,0,1,1
1757,0,0,1,1,0,0,0,0,0,1,1,1,0,0,0,1
1758,0,1,1,1,1,1,0,1,1,0,1,1,1,1,1,1
1759,1,1,1,0,1,1,1,0,0,1,1,0,0,1,1,0
1760,1,0,1,0,1,0,1,0,1,0,0,1,1,1,1,1
1761,1,1,1,1,1,1,1,0,1,0,0,0,0,1,0,0
1762,1,0,1,1,1,1,0,0,0,0,0,0,0,0,0,0
1763,1,1,0,0,1,1,1,1,0,1,1,0,1,1,1,1
1764,0,0,1,1,1,1,1,0,1,0,1,1,1,1,1,0
1765,0,0,0,1,1,0,1,0,1,0,1,1,1,0,1,0
1766,0,1,0,0,1,0,0,0,1,1,0,0,1,1,0,0
1767,1,1,1,0,1,1,1,1,1,1,1,0,1,1,1,1
1768,0,1,0,1,1,0,1,1,1,1,0,1,0,1,1,1
1769,0,1,1,0,0,0,1,0,1,0,0,0,0,1,1,0
1770,0,1,1,0,1,0,1,1,1,1,0,0,1,1,1,1
1771,0,1,1,0,0,1,0,1,1,1,1,0,0,1,1,0
1772,0,1,1,1,1,1,1,1,0,0,1,1,1,1,1,0
1773,0,0,0,1,1,1,0,1,0,1,0,1,0,1,1,1
1774,1,1,1,1,0,1,1,0,1,1,0,0,1,1,0,1
1775,1,1,1,1,0,0,0,0,1,0,1,0,1,1,1,1
1776,1,1,1,1,0,1,1,1,1,0,1,1,0,1,0,1
1777,1,0,1,1,0,0,1,0,0,1,1,1,0,1,0,1
1778,0,1,1,1,0,0,1,0,1,0,1,1,1,0,0,1
1779,1,1,1,1,1,1,0,1,1,1,1,1,0,1,0,1
1780,0,0,1,0,1,0,1,0,1,1,0,1,0,1,1,1
1781,0,1,0,1,0,1,1,1,0,0,0,0,1,1,1,0
1782,1,1,1,1,1,0,0,0,1,1,1,0,1,1,1,1
1783,1,0,1,0,1,1,1,1,1,1,1,1,1,1,1,1
1784,1,0,0,0,0,1,0,1,1,1,1,1,0,0,0,0
1785,0,1,0,0,0,0,0,0,1,1,1,0,1,1,0,0
1786,1,1,1,1,1,0,1,1,1,1,1,1,1,0,1,1
1787,0,0,0,1,1,0,0,1,1,1,0,1,1,1,1,1
1788,1,1,1,1,0,1,1,0,0,1,0,0,1,0,1,1
1789,1,1,0,0,1,1,0,0,1,1,1,1,1,1,0,0
1790,1,0,1,0,0,0,0,1,0,1,0,1,0,1,1,1
1791,1,1,1,1,1,0,0,1,0,0,1,1,0,0,1,1
1792,1,1,1,1,1,0,1,1,0,1,1,1,1,1,1,0
1793,1,0,1,0,1,1,0,1,0,0,0,0,1,1,0,1
1794,1,0,1,0,1,1,0,1,1,0,0,1,1,0,1,1
1795,0,1,0,1,1,0,0,0,1,1,1,0,1,1,0,1
1796,0,1,1,0,0,0,0,1,0,0,0,1,1,1,1,1
1797,1,0,0,1,0,1,1,1,0,1,1,1,1,1,1,0
1798,1,1,0,0,1,1,1,1,1,0,0,0,1,1,1,1
1799,0,0,0,1,0,1,1,1,1,1,0,0,1,1,0,0
1800,1,0,1,1,0,0,0,1,0,1,1,1,0,1,1,0
1801,1,1,1,1,1,1,0,0,1,0,0,0,1,1,1,1
1802,0,1,1,1,1,0,0,1,1,1,1,0,1,0,1,1
1803,1,0,0,1,1,1,0,0,1,0,1,0,0,0,1,0
1804,1,1,1,1,1,0,0,1,1,1,0,1,1,1,1,1
1805,1,0,1,0,0,1,1,0,1,1,0,1,0,1,1,0
1806,1,1,0,1,0,1,0,1,0,0,0,1,1,1,0,1
1807,0,0,1,1,0,1,1,0,1,0,0,0,1,1,1,1
1808,1,1,1,1,1,0,1,1,1,1,1,1,0,1,1,0
1809,1,1,1,0,0,1,0,0,1,0,1,1,0,0,0,1
1810,0,0,0,1,0,0,1,0,0,0,0,0,0,1,1,0
1811,1,0,0,0,0,1,1,1,1,1,1,1,1,1,1,0
1812,0,1,1,1,1,0,0,1,1,0,1,1,1,1,1,0
1813,1,1,0,0,1,0,1,0,1,1,0,1,1,1,1,1
1814,1,1,0,1,1,0,1,0,1,0,0,0,1,1,1,1
1815,0,1,1,1,0,1,0,0,1,0,0,0,0,1,1,0
1816,0,0,1,1,0,1,0,0,1,1,0,1,1,0,0,0
1817,1,0,0,1,1,0,1,0,0,0,0,0,0,1,0,1
1818,1,0,0,1,0,1,0,1,1,1,0,0,1,0,0,0
1819,1,0,0,1,1,0,1,0,1,1,1,1,0,0,0,0
1820,0,0,0,0,0,1,0,0,0,1,1,1,0,1,1,1
1821,1,0,0,1,1,1,0,1,1,0,0,0,1,0,1,0
1822,1,1,0,0,1,0,1,0,1,0,1,1,1,1,1,0
1823,1,0,1,0,1,1,0,1,0,1,0,0,1,1,1,1
1824,0,0,0,1,1,0,1,0,1,0,0,1,0,1,1,0
1825,1,1,1,1,1,0,1,1,1,1,1,0,1,0,1,0
1826,0,1,0,0,1,1,0,0,0,0,1,1,0,0,1,0
1827,1,1,1,1,0,0,1,0,1,0,1,1,0,1,0,1
1828,0,1,0,0,1,0,1,0,0,1,0,0,1,1,1,1
1829,1,0,1,1,1,1,0,0,1,1,1,0,1,1,1,1
1830,1,0,1,1,1,1,0,0,1,0,0,0,0,1,1,0
1831,1,1,0,1,0,0,1,1,1,1,0,0,0,0,1,0
1832,1,0,1,0,1,0,1,1,1,0,1,0,1,0,1,0
1833,0,0,0,1,0,0,0,1,1,1,1,1,0,1,0,1
1834,0,1,1,0,0,1,1,1,1,1,1,0,0,0,1,0
1835,0,0,1,1,1,0,1,1,1,1,1,1,1,0,0,1
1836,1,1,0,1,1,1,0,1,0,1,1,1,1,0,1,0
1837,1,1,0,1,0,0,0,1,0,1,1,1,1,1,1,0
1838,0,1,1,0,1,0,1,1,0,0,0,0,1,1,1,0
1839,0,0,0,1,0,1,0,1,1,0,1,0,0,1,1,0
1840,0,1,0,1,0,1,1,1,1,1,1,1,1,0,1,0
1841,1,1,1,0,0,1,0,1,1,1,1,0,1,0,0,1
1842,0,0,0,0,0,1,1,0,0,1,0,0,1,1,1,0
1843,1,0,1,1,1,0,1,1,1,0,1,1,1,0,1,1
1844,0,0,1,1,0,1,1,0,1,0,0,0,0,1,0,1
1845,1,1,1,1,0,1,1,1,0,1,1,1,1,1,1,1
1846,0,1,1,0,0,0,1,0,0,1,1,0,0,0,0,0
1847,1,1,1,1,0,1,1,1,1,1,0,1,0,0,1,1
1848,1,0,0,1,1,0,0,0,0,1,0,0,0,1,1,0
1849,1,1,1,1,1,0,1,0,0,1,1,1,1,0,1,0
1850,1,0,0,1,0,0,0,0,1,0,0,1,0,0,1,1
1851,0,0,0,1,0,1,1,1,1,1,0,0,1,0,0,1
1852,1,1,0,1,1,0,1,1,0,0,0,0,1,1,1,1
1853,1,1,1,0,1,1,1,1,1,0,1,1,0,0,1,1
1854,1,1,1,1,1,1,1,1,1,0,1,1,0,0,1,1
1855,1,1,1,0,1,1,1,0,1,1,1,1,1,0,1,1
1856,1,1,0,1,0,0,1,1,1,1,0,0,1,1,1,1
1857,1,1,1,1,0,1,0,0,0,0,0,1,0,1,0,0
1858,0,1,1,0,1,1,1,1,1,1,1,1,1,1,1,0
1859,0,0,0,0,0,0,0,0,1,0,0,0,0,0,0,0
1860,1,1,0,0,1,1,1,1,0,0,0,1,1,0,0,0
1861,1,1,1,0,1,1,0,1,1,1,1,0,1,1,1,0
1862,0,1,1,1,1,0,1,0,0,0,0,1,1,1,1,1
1863,1,1,1,0,1,1,1,1,1,0,1,1,0,1,0,1
1864,0,1,0,1,1,1,1,1,0,1,0,0,0,0,1,1
1865,1,1,1,1,1,0,0,0,1,0,1,0,1,1,1,0
1866,0,0,1,0,0,1,1,1,1,0,0,1,1,1,1,0
1867,1,0,1,1,1,1,1,0,0,1,0,0,1,0,1,0
1868,1,0,1,1,1,1,1,0,1,1,0,0,1,1,0,1
1869,1,1,0,0,0,0,1,0,1,0,0,0,0,0,1,1
1870,0,0,0,0,0,1,0,1,1,0,1,0,1,0,0,0
1871,0,0,1,1,0,1,0,1,1,1,1,1,0,1,0,1
1872,1,1,0,1,1,1,1,0,0,0,1,1,0,1,1,1
1873,1,0,0,0,1,1,1,0,1,1,0,0,1,0,1,1
1874,0,1,1,1,1,1,1,1,1,1,0,0,1,1,1,1
1875,1,0,0,0,1,1,0,1,1,1,0,0,1,1,0,0
1876,1,0,0,1,0,1,0,1,1,0,1,1,1,1,1,0
1877,0,0,1,1,1,1,1,1,0,1,1,0,0,0,1,1
1878,1,1,0,0,1,1,0,1,1,0,1,1,1,1,0,0
1879,0,1,1,1,0,1,1,1,0,1,1,1,1,1,0,0
1880,1,1,0,1,0,0,0,1,1,0,1,1,0,0,0,1
1881,1,0,1,1,1,0,1,0,0,0,0,1,1,1,0,0
1882,0,0,1,0,0,1,1,1,0,0,1,0,1,1,1,1
1883,1,0,0,1,1,0,1,1,1,1,1,1,0,0,1,1
1884,0,0,1,1,0,0,1,1,0,1,1,0,0,0,1,0
1885,1,1,0,0,0,0,1,0,0,1,1,1,0,1,1,0
1886,1,1,1,1,1,1,1,1,1,0,1,1,1,1,1,1
1887,1,1,1,0,0,1,1,0,1,1,1,1,0,1,1,0
1888,1,1,1,1,1,1,0,1,0,1,1,1,1,0,1,1
1889,0,1,1,1,1,1,1,1,1,0,1,1,1,0,1,1
1890,0,1,0,0,1,1,1,0,1,1,0,1,1,1,0,0
1891,1,0,1,0,0,0,1,1,0,0,1,0,1,0,1,1
1892,1,0,0,0,0,1,0,1,1,0,1,0,0,0,1,1
1893,0,1,1,0,1,0,1,1,1,1,1,0,1,0,0,1
1894,1,0,0,0,0,1,1,0,1,0,1,0,0,0,0,0
1895,1,1,1,0,1,1,1,1,1,1,1,1,1,1,1,1
1896,1,1,1,1,1,1,1,1,1,1,0,1,1,1,1,1
1897,0,1,1,1,0,1,0,0,1,0,0,1,1,0,1,1
1898,0,0,1,1,1,1,0,1,0,0,0,0,0,1,0,0
1899,1,0,1,0,1,1,0,1,1,1,0,0,0,1,1,0
1900,1,1,1,1,1,1,1,0,1,1,0,1,1,0,1,0
1901,0,1,1,1,1,0,1,1,1,0,1,1,0,0,1,0
1902,1,1,1,1,1,1,1,0,0,1,1,1,0,0,0,1
1903,1,0,1,0,0,1,1,1,1,0,0,0,0,0,1,0
1904,1,0,0,1,1,0,1,1,1,0,1,0,1,1,1,1
1905,1,1,1,0,1,1,0,0,0,0,0,1,0,1,0,0
1906,1,1,0,1,1,0,1,1,1,1,1,0,0,1,1,1
1907,1,0,1,1,1,1,1,0,1,1,0,0,1,1,1,1
1908,0,1,0,0,0,1,1,0,1,1,1,1,1,1,1,1
1909,0,1,0,1,0,0,1,0,1,0,1,0,1,0,1,1
1910,1,0,0,0,1,1,0,1,1,1,1,1,1,1,1,1
1911,1,1,1,1,1,0,0,1,0,1,1,1,0,1,1,1
1912,1,1,1,1,1,0,1,0,1,1,1,0,0,1,1,1
1913,0,0,1,0,0,1,1,1,0,1,1,1,0,1,0,1
1914,0,0,0,0,1,0,1,1,1,0,0,0,1,1,0,0
1915,1,1,0,0,1,0,1,1,1,0,0,1,1,1,1,1
1916,0,0,0,0,0,1,0,0,1,1,1,1,0,0,1,1
1917,0,0,0,1,0,0,0,1,1,1,0,1,1,0,0,1
1918,1,1,0,1,0,0,1,1,1,1,0,1,1,1,0,1
1919,1,1,1,0,1,0,1,0,1,0,0,1,0,1,1,1
1920,0,1,1,1,1,1,1,0,1,0,1,1,1,0,0,1
1921,1,1,1,1,0,1,1,1,1,1,1,1,1,0,1,1
1922,1,0,0,0,1,0,0,0,0,1,1,0,0,1,0,1
1923,1,1,0,1,0,1,1,1,1,1,0,1,1,0,0,1
1924,1,1,1,1,1,0,1,1,1,1,1,1,0,0,1,1
1925,1,1,0,1,0,0,1,1,0,0,0,1,0,0,0,1
1926,0,0,1,1,0,0,0,1,1,0,1,1,1,1,1,1
1927,0,1,0,0,1,0,0,1,0,1,0,1,1,1,1,0
1928,0,1,1,0,1,1,0,0,1,0,1,0,1,0,0,1
1929,1,0,1,1,1,0,1,0,0,1,1,1,1,0,1,1
1930,1,0,1,1,1,1,1,0,1,1,0,1,1,1,1,1
1931,0,0,1,1,1,1,0,0,0,0,1,1,1,1,0,0
1932,1,1,1,0,1,1,0,1,1,0,0,0,0,0,1,1
1933,1,0,0,0,0,0,1,1,0,1,1,1,0,1,0,1
1934,1,0,0,1,1,1,0,1,0,1,0,0,0,0,1,1
1935,1,1,1,1,0,0,1,1,1,0,1,1,0,1,0,1
1936,0,0,1,1,1,1,1,0,1,0,0,1,1,0,1,1
1937,0,1,1,1,1,0,0,1,1,1,1,0,1,1,1,1
1938,1,1,0,1,1,1,1,0,1,0,1,1,1,0,1,0
1939,1,1,0,0,0,1,0,1,0,0,0,1,0,0,1,0
1940,0,1,0,1,0,1,0,0,1,1,1,1,1,0,0,1
1941,1,1,1,1,1,0,0,1,0,1,0,0,1,0,1,1
1942,0,0,1,1,1,0,1,1,1,1,0,1,1,1,1,1
1943,0,1,0,1,0,0,0,0,1,1,1,0,0,0,1,1
1944,1,1,1,1,1,0,0,1,1,1,0,0,1,0,1,1
1945,1,1,1,1,0,1,1,0,0,0,0,1,1,1,1,1
1946,1,1,0,0,0,1,1,0,1,0,0,1,0,0,1,0
1947,1,1,1,0,0,1,1,0,0,0,0,0,0,1,0,0
1948,1,1,1,1,1,0,0,1,1,1,1,0,1,1,1,1
1949,1,1,1,1,1,1,1,1,1,1,0,0,1,1,1,1
1950,0,1,1,1,1,0,1,0,0,0,1,0,1,1,1,1
1951,0,0,1,1,1,0,1,0,1,0,1,1,1,0,1,0
1952,1,0,1,1,1,1,1,1,0,1,0,0,0,1,1,1
1953,1,1,1,1,1,1,0,0,1,1,1,1,1,1,1,1
1954,0,1,1,0,1,1,0,1,1,1,0,0,0,1,1,1
1955,1,1,1,1,1,0,1,1,1,0,0,0,0,0,1,0
1956,1,1,1,1,0,1,1,0,0,1,0,0,1,1,0,1
1957,1,1,1,1,1,1,1,0,1,1,0,1,0,0,1,1
1958,0,1,1,0,0,1,1,1,0,1,0,0,1,0,0,0
1959,0,1,0,0,1,1,1,1,0,0,1,1,1,1,1,1
1960,1,1,1,0,1,1,1,0,0,1,1,0,1,1,1,1
1961,1,0,0,1,1,1,0,0,1,1,0,0,0,0,0,1
1962,0,0,1,0,0,1,1,1,0,1,1,1,1,1,1,0
1963,0,0,1,1,0,1,0,1,0,0,1,1,1,1,0,0
1964,0,1,0,1,1,0,0,0,1,0,1,0,0,1,1,0
1965,0,0,0,0,1,1,0,1,1,1,1,1,0,1,1,0
1966,1,1,0,1,0,0,1,0,0,0,0,0,1,0,1,0
1967,0,1,1,1,1,0,0,1,1,1,1,1,1,1,1,0
1968,0,1,1,1,1,0,0,1,0,0,1,1,1,1,0,0
1969,1,1,1,0,0,0,1,1,1,0,1,1,0,0,0,1
1970,0,1,1,0,1,0,0,0,0,1,0,1,0,0,0,0
1971,1,1,1,1,1,1,0,0,0,0,1,0,1,1,0,1
1972,0,1,0,0,1,0,0,1,1,1,1,1,1,1,1,0
1973,0,1,1,1,0,0,0,0,1,0,0,1,1,0,1,1
1974,1,1,0,0,0,0,1,1,1,0,1,1,0,0,0,0
1975,1,1,1,1,1,1,1,1,1,0,1,0,1,0,1,1
1976,1,0,0,0,1,1,1,1,0,0,1,1,0,0,1,1
1977,0,0,1,1,1,0,0,1,1,1,1,1,0,1,1,0
1978,0,1,1,1,1,0,1,1,0,0,1,0,0,0,1,1
1979,1,1,1,0,1,1,1,1,1,0,0,1,1,1,1,0
1980,1,1,1,0,1,0,0,1,0,0,1,0,0,1,0,0
1981,1,1,0,0,0,0,1,0,1,1,1,1,1,0,1,1
1982,0,0,0,0,0,0,1,1,1,1,1,1,1,0,1,1
1983,1,0,1,1,0,0,0,1,0,1,0,0,0,1,1,1
1984,1,0,1,0,1,1,1,1,1,1,0,1,1,0,1,0
1985,1,1,1,1,0,0,0,0,1,1,1,0,1,1,0,1
1986,1,0,1,1,0,0,1,0,1,1,1,1,1,1,0,0
1987,1,1,0,1,1,0,1,0,0,1,1,1,1,1,0,0
1988,0,1,0,1,0,1,1,0,1,1,0,0,1,1,1,0
1989,1,1,0,0,1,1,0,0,1,0,1,1,1,1,1,1
1990,0,1,0,0,0,1,0,1,0,0,1,0,1,0,1,0
1991,0,0,0,1,1,0,0,0,1,1,1,0,1,1,0,0
1992,1,1,1,1,1,1,0,1,1,1,1,0,1,1,1,0
1993,1,1,1,0,1,0,1,0,0,1,1,1,1,1,0,1
1994,0,0,1,0,1,0,1,1,1,0,1,1,1,0,1,0
1995,1,0,1,0,0,1,1,0,1,1,1,1,1,0,1,1
1996,0,1,1,1,1,1,0,0,1,0,0,0,0,1,0,1
1997,1,1,1,1,1,1,1,1,1,1,1,1,1,1,0,1
1998,0,1,0,0,1,0,1,0,0,1,0,1,0,1,0,1
1999,1,0,1,1,0,0,0,0,0,0,0,0,0,1,1,1
